user_id,name,email,signup_date,domain
1,Daniel Johnson,sandersjoshua@mailbox.org,2020-01-25,mailbox.org
2,Brittany Robles,anngilbert@gmail.com,2020-04-06,gmail.com
3,Teresa Swanson,lewisbrittany@ukr.net,2022-03-21,ukr.net
4,James Nelson,tara75@ukr.net,2022-08-10,ukr.net
5,Jimmy Bell,mauricemoore@yahoo.com,2022-08-24,yahoo.com
6,Brian Roberts,cleon@ukr.net,2022-06-13,ukr.net
7,Robert Garcia,daniel00@yahoo.com,2023-11-01,yahoo.com
8,Emily Brock,christopher14@yahoo.com,2023-06-13,yahoo.com
9,Katie Armstrong,paulknox@ukr.net,2022-09-06,ukr.net
10,Ryan Johnson,benjamin32@ukr.net,2021-05-22,ukr.net
11,Samuel Hughes,jacob48@outlook.com,2020-08-14,outlook.com
12,Rebecca Stevenson,katie25@mailbox.org,2024-04-11,mailbox.org
13,Laura Wilson,leerussell@hotmail.com,2022-12-16,hotmail.com
14,Michael Nelson,eileendavis@gmail.com,2021-01-26,gmail.com
15,Andrew Chapman DDS,palmergene@example.io,2022-08-09,example.io
16,Daniel Durham,edgar19@yahoo.com,2023-05-25,yahoo.com
17,Cheryl Espinoza,fernandezkelly@hotmail.com,2020-03-29,hotmail.com
18,Elizabeth Castillo,kenneth67@hotmail.com,2022-03-22,hotmail.com
19,Sherri Wilson,ashleybell@yahoo.com,2020-11-30,yahoo.com
20,Gerald Galvan,victoriagreen@hotmail.com,2023-01-24,hotmail.com
21,Nicholas Keller,jonathan11@outlook.com,2021-05-28,outlook.com
22,Christopher Yang,markaguilar@ukr.net,2020-06-12,ukr.net
23,Nicholas Barton,pottsshawn@hotmail.com,2022-02-08,hotmail.com
24,Anthony Olsen,lmeyer@gmail.com,2020-09-19,gmail.com
25,Erin Hull,christiedrake@ukr.net,2024-06-05,ukr.net
26,Lisa Adams,beardveronica@gmail.com,2022-11-08,gmail.com
27,Cynthia Kim,smithkenneth@yahoo.com,2021-06-18,yahoo.com
28,Brittany Daugherty,lesliebaker@ukr.net,2022-07-18,ukr.net
29,Angela Farmer,ryangay@example.io,2020-04-16,example.io
30,Jonathan Vasquez,nichole57@hotmail.com,2021-12-02,hotmail.com
31,Richard Steele,fmoore@example.io,2020-04-02,example.io
32,Ms. Nancy Berg,pbaker@outlook.com,2020-02-25,outlook.com
33,Shelly Robinson,allison81@mailbox.org,2023-08-10,mailbox.org
34,Terri Yates,burtonamanda@mailbox.org,2024-02-22,mailbox.org
35,Renee Barr,silvajacqueline@hotmail.com,2024-05-30,hotmail.com
36,Dalton Malone,james65@outlook.com,2021-09-16,outlook.com
37,Ashley King,paullawrence@ukr.net,2021-08-07,ukr.net
38,Virginia Jackson,ucamacho@yahoo.com,2021-03-05,yahoo.com
39,Haley Lozano,igibson@ukr.net,2022-12-31,ukr.net
40,Christina Drake,levi49@hotmail.com,2023-11-20,hotmail.com
41,Robin Powers,johnjones@example.io,2020-10-03,example.io
42,Emily Johnson,atate@example.io,2024-02-06,example.io
43,Dillon Murphy,murphyjames@ukr.net,2024-04-22,ukr.net
44,Darlene Bennett,roweconnor@ukr.net,2022-07-02,ukr.net
45,Joshua Black,allenkelsey@mailbox.org,2023-04-17,mailbox.org
46,Timothy Singh,brianlane@hotmail.com,2024-06-09,hotmail.com
47,Lori Curtis,markmarshall@gmail.com,2024-09-01,gmail.com
48,Maria Porter,nbell@outlook.com,2022-03-09,outlook.com
49,Ryan Malone,skinnergary@mailbox.org,2022-12-13,mailbox.org
50,Nicholas Torres,rodrigueztara@ukr.net,2020-04-23,ukr.net
51,Maria Wilson,elizabeth03@gmail.com,2021-01-09,gmail.com
52,Cynthia Campbell,rperez@example.io,2022-10-25,example.io
53,Edward Murray,johnnyreyes@hotmail.com,2024-01-09,hotmail.com
54,Jessica Thompson,mitchell45@mailbox.org,2022-01-08,mailbox.org
55,Mark Bowen,robertsoto@ukr.net,2023-04-13,ukr.net
56,Robin Jefferson,leeronald@hotmail.com,2021-03-01,hotmail.com
57,Stephanie Wade,willie84@outlook.com,2021-08-12,outlook.com
58,Kim Brown,hmiller@mailbox.org,2020-04-17,mailbox.org
59,Kevin Jordan,matthew28@hotmail.com,2021-08-02,hotmail.com
60,Jason Guzman,robertmitchell@hotmail.com,2022-02-16,hotmail.com
61,Carolyn Kramer,scott73@gmail.com,2021-11-10,gmail.com
62,Brian Pratt,shawmichelle@outlook.com,2021-10-08,outlook.com
63,Heather Williams,jweaver@gmail.com,2022-10-19,gmail.com
64,Stacey Malone,williampatton@example.io,2021-08-04,example.io
65,Shawn Craig,benjaminhess@example.io,2020-05-05,example.io
66,James Howard,kevin69@yahoo.com,2020-09-29,yahoo.com
67,Joseph Horn,meadowsdylan@mailbox.org,2024-04-08,mailbox.org
68,Jared Young,thansen@gmail.com,2022-08-12,gmail.com
69,Lynn Alexander,biancaelliott@mailbox.org,2021-05-13,mailbox.org
70,Lisa Byrd,monicacruz@example.io,2021-06-16,example.io
71,Barbara Fisher,qgutierrez@mailbox.org,2021-09-11,mailbox.org
72,Corey Wilson,gary28@ukr.net,2022-07-28,ukr.net
73,Amber Martin,johnathansweeney@example.io,2024-05-15,example.io
74,Lisa Norton,baxteramber@ukr.net,2020-06-24,ukr.net
75,Dr. Tina Long DVM,cliffordlee@outlook.com,2020-07-15,outlook.com
76,John Hernandez,tonya59@outlook.com,2021-07-22,outlook.com
77,Katherine Cline,cheyennehardy@ukr.net,2024-06-16,ukr.net
78,Dennis Larson,fmay@gmail.com,2022-02-06,gmail.com
79,Kristen Payne,morenocassandra@outlook.com,2024-05-05,outlook.com
80,Jerry Greene,amy03@yahoo.com,2021-08-08,yahoo.com
81,Juan Anthony,camerongriffin@outlook.com,2022-03-29,outlook.com
82,Ronald Butler,johnsondenise@yahoo.com,2021-01-02,yahoo.com
83,Casey Martin,matthewsanchez@mailbox.org,2023-11-15,mailbox.org
84,Sarah Chan,jeffrey60@outlook.com,2020-09-27,outlook.com
85,Tiffany Anderson,thomascastillo@example.io,2020-01-24,example.io
86,Colleen Yates,michaeljimenez@example.io,2024-01-28,example.io
87,Maureen Osborn,ibolton@mailbox.org,2024-03-13,mailbox.org
88,Bradley Wood,lewismark@gmail.com,2021-04-09,gmail.com
89,Jose Vaughn,kayla93@ukr.net,2022-12-29,ukr.net
90,Frank Abbott,igeorge@mailbox.org,2022-11-30,mailbox.org
91,Brenda Clayton,amy18@hotmail.com,2023-01-20,hotmail.com
92,Beverly Mendez,ambermacias@example.io,2022-10-30,example.io
93,James Wallace,jesseharvey@hotmail.com,2022-12-10,hotmail.com
94,Emily Jackson,daniel58@mailbox.org,2021-03-01,mailbox.org
95,Scott Lucas,ntaylor@outlook.com,2020-09-20,outlook.com
96,Gregory Howard,brandonrodriguez@example.io,2020-08-18,example.io
97,Ryan Johnson,andrew15@example.io,2021-06-15,example.io
98,Michele Kline,seth98@example.io,2021-06-30,example.io
99,Kayla Lee,kimberly60@mailbox.org,2021-10-15,mailbox.org
100,Brian Mccoy,kboyd@mailbox.org,2022-01-08,mailbox.org
101,Erin Edwards,jerryalvarado@ukr.net,2022-03-20,ukr.net
102,Thomas Hughes,jamesbryant@yahoo.com,2020-01-24,yahoo.com
103,James Patrick,loveseth@yahoo.com,2024-07-13,yahoo.com
104,Natalie Morgan,rivasdavid@hotmail.com,2023-09-07,hotmail.com
105,Victoria Payne,bhughes@gmail.com,2022-07-15,gmail.com
106,Amy Yates,mollycordova@gmail.com,2021-04-09,gmail.com
107,Lori Jackson,ewhitaker@yahoo.com,2024-03-19,yahoo.com
108,Vanessa Thomas,kennethfinley@hotmail.com,2021-12-20,hotmail.com
109,Connor Cameron,triciapowell@ukr.net,2022-10-02,ukr.net
110,Ryan Brown,shirleyshaw@example.io,2021-10-31,example.io
111,Mark Gomez,stevengarner@outlook.com,2020-08-17,outlook.com
112,Sheri Robinson,robert96@example.io,2022-03-24,example.io
113,Alex Cline,henrysydney@example.io,2023-06-23,example.io
114,Eric Jackson,davisdouglas@example.io,2023-11-05,example.io
115,Michael Long,alexanderreginald@mailbox.org,2023-10-06,mailbox.org
116,Kenneth Gutierrez,meyersadam@example.io,2020-11-25,example.io
117,Willie Johnson,ernest68@hotmail.com,2021-03-14,hotmail.com
118,Linda Bailey,ufoley@yahoo.com,2024-04-05,yahoo.com
119,Martha Elliott,grodriguez@hotmail.com,2024-02-19,hotmail.com
120,Natasha May,jjones@mailbox.org,2022-12-13,mailbox.org
121,Jennifer Lopez,reillycheryl@hotmail.com,2020-01-20,hotmail.com
122,Elizabeth Moore,gmitchell@mailbox.org,2021-11-06,mailbox.org
123,Dakota Green,ronaldmaldonado@mailbox.org,2024-06-09,mailbox.org
124,William Johnson,brianpatel@example.io,2021-07-31,example.io
125,Joseph Miller,debra56@hotmail.com,2023-11-28,hotmail.com
126,William Lynch,sramsey@hotmail.com,2024-03-24,hotmail.com
127,Patrick Palmer,amcgrath@hotmail.com,2021-09-28,hotmail.com
128,Mrs. Rachael Rodgers,susan67@hotmail.com,2024-10-21,hotmail.com
129,Thomas Ibarra,cabrerasarah@outlook.com,2022-05-09,outlook.com
130,Joseph Bailey,kimberly44@yahoo.com,2024-04-15,yahoo.com
131,Benjamin Becker,jfisher@outlook.com,2022-12-19,outlook.com
132,Jamie White,sabrina52@ukr.net,2023-03-17,ukr.net
133,William Davidson Jr.,cathygarrett@ukr.net,2020-06-08,ukr.net
134,Andrea Mcdaniel,ndelgado@gmail.com,2021-05-29,gmail.com
135,Erica Harper,grahammichael@hotmail.com,2023-11-10,hotmail.com
136,Stephanie Mays,karentapia@example.io,2024-06-30,example.io
137,Danielle Rhodes,mark80@ukr.net,2021-05-08,ukr.net
138,David Yates,lwilson@example.io,2022-04-23,example.io
139,Mark Cole,lucasjoshua@gmail.com,2021-05-09,gmail.com
140,Victoria Rivera,jerryjenkins@gmail.com,2022-02-25,gmail.com
141,Heather Evans,cory32@ukr.net,2023-04-29,ukr.net
142,Robert Cole,georgejamie@mailbox.org,2022-11-07,mailbox.org
143,Paul Craig,heather26@mailbox.org,2023-02-17,mailbox.org
144,Jonathan Flores,lkline@ukr.net,2020-03-17,ukr.net
145,Amanda Jones,tpeters@mailbox.org,2023-03-02,mailbox.org
146,Marcus Blake,christopher23@gmail.com,2023-08-08,gmail.com
147,Thomas Dixon,kristin25@mailbox.org,2024-01-10,mailbox.org
148,Becky Sanchez,austinmendez@gmail.com,2020-09-16,gmail.com
149,Briana Herrera,millercory@mailbox.org,2022-03-14,mailbox.org
150,Kevin Gonzalez,ilynch@hotmail.com,2020-08-22,hotmail.com
151,Edward Phillips,tprice@mailbox.org,2021-12-14,mailbox.org
152,Mark Smith,keithcallahan@outlook.com,2024-04-11,outlook.com
153,Drew Kirk,darrenrichardson@example.io,2023-07-30,example.io
154,Henry Ellis,hmoore@example.io,2022-03-25,example.io
155,Christine Conway,julie44@mailbox.org,2022-11-25,mailbox.org
156,Marcus Garcia,peterraymond@ukr.net,2024-03-27,ukr.net
157,George Davis,whitneyteresa@gmail.com,2020-03-23,gmail.com
158,Kristine Graham,brandyguerrero@hotmail.com,2021-12-30,hotmail.com
159,Brian Macdonald,agonzalez@gmail.com,2022-07-27,gmail.com
160,Anthony Alvarado,stephanieclark@hotmail.com,2021-01-14,hotmail.com
161,Jeffrey Woods,daniellewis@example.io,2023-07-13,example.io
162,Jennifer Bishop,lstrickland@example.io,2023-05-30,example.io
163,Maria Rowland,christinasharp@outlook.com,2021-10-01,outlook.com
164,Mary Taylor,jimenezchristopher@mailbox.org,2021-01-17,mailbox.org
165,Cheryl Tran,lewisshelby@gmail.com,2022-10-25,gmail.com
166,Kristen Anderson,renee81@example.io,2022-07-27,example.io
167,Stanley Allen,crystal08@ukr.net,2024-01-22,ukr.net
168,Deborah White,turnerlisa@yahoo.com,2022-09-30,yahoo.com
169,Margaret Martin,wscott@example.io,2024-09-08,example.io
170,Aaron Smith,paula04@yahoo.com,2024-06-21,yahoo.com
171,Jonathan Hernandez,brennancrystal@example.io,2023-03-08,example.io
172,Anthony Mendoza,joy63@yahoo.com,2021-08-09,yahoo.com
173,Charles Hernandez,lindsay43@outlook.com,2023-12-24,outlook.com
174,Derek Thornton,austinvalenzuela@hotmail.com,2022-09-16,hotmail.com
175,Ryan Cuevas,tanyamartin@mailbox.org,2020-06-04,mailbox.org
176,Courtney Brown,fgarcia@hotmail.com,2021-03-04,hotmail.com
177,Jennifer Torres,pamela98@mailbox.org,2024-09-01,mailbox.org
178,Shane Harris,emmaanderson@ukr.net,2021-03-25,ukr.net
179,Kimberly Hill,allentristan@hotmail.com,2022-07-24,hotmail.com
180,Gary Green,lrobertson@example.io,2023-01-13,example.io
181,Willie Ortiz,fanderson@example.io,2021-03-28,example.io
182,Cameron Adams,gonzalezdaniel@mailbox.org,2021-10-06,mailbox.org
183,Sara Kent,daviskimberly@yahoo.com,2020-10-22,yahoo.com
184,Steven Washington,pattersonmonica@hotmail.com,2021-08-02,hotmail.com
185,David Anderson,kevinwest@gmail.com,2021-03-06,gmail.com
186,Brian Willis,gonzalezrobert@mailbox.org,2023-07-02,mailbox.org
187,Charles Garcia,gateskimberly@yahoo.com,2023-09-04,yahoo.com
188,David Green,burnsbrandon@mailbox.org,2024-10-21,mailbox.org
189,Eric Anderson,vegatodd@outlook.com,2022-08-27,outlook.com
190,Alexander Davis,emma01@mailbox.org,2021-12-28,mailbox.org
191,Mark David,klee@outlook.com,2020-09-26,outlook.com
192,Alan Barnes,orichmond@example.io,2024-01-17,example.io
193,Haley Navarro,teresa26@hotmail.com,2022-06-24,hotmail.com
194,William Brock,jacobthomas@example.io,2023-06-24,example.io
195,Robert Kerr,gward@example.io,2023-07-04,example.io
196,Anthony Mckinney,marcuscobb@outlook.com,2021-10-07,outlook.com
197,Gary Schmidt,xreed@mailbox.org,2021-02-03,mailbox.org
198,Julia Brown,nicole06@hotmail.com,2021-02-05,hotmail.com
199,Sarah Anthony,donna27@example.io,2021-10-09,example.io
200,Sean Rodriguez,jasonbrown@example.io,2023-09-17,example.io
201,Misty Abbott,christinewarner@hotmail.com,2024-07-18,hotmail.com
202,Gary Wagner,cindy29@yahoo.com,2023-09-14,yahoo.com
203,Kevin Jordan II,nbrown@hotmail.com,2022-03-15,hotmail.com
204,Joseph Lyons,herbertpratt@gmail.com,2022-10-04,gmail.com
205,Crystal Medina MD,andrewturner@gmail.com,2022-05-09,gmail.com
206,William Wilson,victoria08@gmail.com,2020-07-05,gmail.com
207,Miss Kristen Jones,rachelsantiago@mailbox.org,2023-11-09,mailbox.org
208,Miguel Weber,jcolon@ukr.net,2020-01-28,ukr.net
209,Cindy Gonzalez,carolynfrank@mailbox.org,2022-05-05,mailbox.org
210,John Mills,robinsonheather@hotmail.com,2020-12-17,hotmail.com
211,Laura Clay,tiffany38@gmail.com,2024-08-25,gmail.com
212,John Smith,adam74@ukr.net,2021-02-02,ukr.net
213,Amanda Espinoza,melaniedixon@ukr.net,2024-01-27,ukr.net
214,Craig Morgan,shannon36@mailbox.org,2023-10-27,mailbox.org
215,Jacqueline Reese,morganmatthew@hotmail.com,2021-02-01,hotmail.com
216,Brandy Hanson,sethgood@hotmail.com,2021-06-26,hotmail.com
217,Evan Richardson,mnelson@yahoo.com,2022-10-01,yahoo.com
218,David Hansen,stephaniemaddox@hotmail.com,2024-06-01,hotmail.com
219,Maria Clark,warren72@yahoo.com,2024-10-10,yahoo.com
220,Sally Alvarez,pjohnson@hotmail.com,2024-03-08,hotmail.com
221,Erin Sandoval,cooperkristin@mailbox.org,2022-04-29,mailbox.org
222,Sherri Fox,vanessa52@hotmail.com,2022-01-30,hotmail.com
223,Anthony Stone,hmiller@ukr.net,2020-04-13,ukr.net
224,Loretta Smith,william26@outlook.com,2020-02-18,outlook.com
225,Anna Preston,williamsheather@ukr.net,2022-07-07,ukr.net
226,Denise Li DVM,april83@outlook.com,2020-02-10,outlook.com
227,Sharon Eaton,lisaclark@ukr.net,2021-10-02,ukr.net
228,Melanie Lewis,xfuentes@outlook.com,2022-09-27,outlook.com
229,Kyle Reyes,wmarshall@outlook.com,2024-03-15,outlook.com
230,Jonathan Moore,dianapetersen@example.io,2020-05-13,example.io
231,Brent Webb,michellelarson@gmail.com,2024-06-29,gmail.com
232,Angela Martinez,benglish@ukr.net,2020-12-24,ukr.net
233,Curtis Roth,vmoore@gmail.com,2020-05-20,gmail.com
234,John Mueller,barbara50@ukr.net,2023-10-24,ukr.net
235,Patty Watkins,zavila@gmail.com,2021-09-04,gmail.com
236,Brandy Robinson,itrevino@example.io,2023-05-23,example.io
237,Billy Knight,seth21@example.io,2021-01-23,example.io
238,Karen Caldwell,amanda94@example.io,2024-10-16,example.io
239,Joshua Hicks DDS,catherine95@hotmail.com,2021-11-28,hotmail.com
240,Maria Owens,grantbrian@outlook.com,2021-12-13,outlook.com
241,Stephanie Brown,mccallryan@mailbox.org,2024-01-31,mailbox.org
242,Melissa Clark,cliffordbush@outlook.com,2020-04-16,outlook.com
243,Richard Perry,brooksdaniel@ukr.net,2022-01-15,ukr.net
244,Ethan Lopez,andreascott@ukr.net,2021-04-15,ukr.net
245,Carly Elliott,martinkristin@gmail.com,2024-02-25,gmail.com
246,Bryan Bell,ibaxter@hotmail.com,2022-10-10,hotmail.com
247,Brendan Jacobs,heather84@gmail.com,2020-08-11,gmail.com
248,Denise Hill,perezkevin@mailbox.org,2023-06-12,mailbox.org
249,Andrew Goodman,bishoptammy@example.io,2022-11-05,example.io
250,Craig Reed,tammieturner@hotmail.com,2022-03-16,hotmail.com
251,John Stephens,cookyvette@mailbox.org,2020-09-04,mailbox.org
252,Terry Coleman,myersdaniel@mailbox.org,2023-11-21,mailbox.org
253,Ashley Novak,christopherkramer@yahoo.com,2021-12-24,yahoo.com
254,Douglas Brown,tcollins@mailbox.org,2023-05-22,mailbox.org
255,Sylvia Colon,dgreen@outlook.com,2023-07-30,outlook.com
256,Russell Silva,ortegamelissa@gmail.com,2023-06-03,gmail.com
257,Cameron Lewis,edwardsjohn@mailbox.org,2022-06-12,mailbox.org
258,Timothy Turner,perezrachel@hotmail.com,2024-09-23,hotmail.com
259,Taylor Walker,oodom@mailbox.org,2021-04-30,mailbox.org
260,Matthew Simon,angelapatterson@outlook.com,2024-05-24,outlook.com
261,Megan Gomez,wwest@mailbox.org,2021-12-11,mailbox.org
262,Adam Lopez,danielmiller@outlook.com,2021-10-09,outlook.com
263,Vincent Thomas,owolfe@yahoo.com,2021-06-24,yahoo.com
264,Brittney Brandt,emily80@yahoo.com,2022-02-04,yahoo.com
265,Kristen Nicholson,whitelance@ukr.net,2021-08-01,ukr.net
266,Bill Jones,jamessuarez@mailbox.org,2020-12-21,mailbox.org
267,Brandy Hernandez,angela35@yahoo.com,2024-06-23,yahoo.com
268,Daisy Gentry,grahambrittney@gmail.com,2022-02-13,gmail.com
269,Dawn Benton,perezdestiny@gmail.com,2022-12-28,gmail.com
270,Thomas Hodges,adrianahammond@hotmail.com,2022-12-10,hotmail.com
271,Arthur Clarke,grichardson@ukr.net,2022-12-28,ukr.net
272,Seth Avila,jmurphy@gmail.com,2023-01-18,gmail.com
273,Dennis Shaw,emorton@gmail.com,2023-08-12,gmail.com
274,Ashlee Bell,randy16@gmail.com,2020-12-20,gmail.com
275,Edward Young,fespinoza@gmail.com,2022-09-24,gmail.com
276,Eric Green,veronicaowens@hotmail.com,2023-09-01,hotmail.com
277,Tiffany Lopez,rhernandez@example.io,2024-09-15,example.io
278,Robin Fowler,wileybrittany@mailbox.org,2021-06-20,mailbox.org
279,Matthew Rosario,nshelton@yahoo.com,2020-02-06,yahoo.com
280,Crystal Ruiz,brownlisa@yahoo.com,2021-09-21,yahoo.com
281,Jennifer Wolfe,keith53@mailbox.org,2021-09-12,mailbox.org
282,Monica Tucker,alexanderstephens@hotmail.com,2021-05-07,hotmail.com
283,Jacob Rivera,wyatt96@outlook.com,2023-01-01,outlook.com
284,David Greene,jamesdavenport@mailbox.org,2022-05-15,mailbox.org
285,Hannah Moody,xwilson@outlook.com,2023-01-17,outlook.com
286,Allen Morrow,amyblackburn@hotmail.com,2023-08-27,hotmail.com
287,Jonathan Morris,nicolefleming@hotmail.com,2020-07-22,hotmail.com
288,Kevin Mcgee,valdezjustin@ukr.net,2023-08-22,ukr.net
289,Richard French,lisalara@gmail.com,2021-03-21,gmail.com
290,Linda Hill,qnguyen@outlook.com,2022-06-10,outlook.com
291,Stacey Townsend,nathanwoods@ukr.net,2020-10-25,ukr.net
292,Alisha Cain,laura54@yahoo.com,2023-04-10,yahoo.com
293,Paul Roberts,ryan26@hotmail.com,2023-03-15,hotmail.com
294,Mr. Cody Ramirez,bperkins@hotmail.com,2023-11-09,hotmail.com
295,Kelsey Winters,dweaver@gmail.com,2024-04-13,gmail.com
296,Katherine Welch,kellyheather@yahoo.com,2022-12-16,yahoo.com
297,April Morgan,qjensen@mailbox.org,2023-10-31,mailbox.org
298,Donna Gonzales,paynepaul@gmail.com,2022-09-28,gmail.com
299,Robert Black,feliciakeith@example.io,2020-09-23,example.io
300,Haley Green,bethany57@mailbox.org,2024-02-18,mailbox.org
301,Raymond Sloan,hthompson@mailbox.org,2024-03-31,mailbox.org
302,Steve Hensley,reevescheryl@yahoo.com,2022-07-04,yahoo.com
303,Joshua Alexander,claytonkatrina@ukr.net,2024-03-14,ukr.net
304,Penny Garner,andrewchavez@mailbox.org,2022-06-21,mailbox.org
305,Andrew Logan,gregorycohen@gmail.com,2022-04-20,gmail.com
306,Jennifer Mills,warrensara@outlook.com,2021-08-21,outlook.com
307,David Butler,kyle39@example.io,2024-01-18,example.io
308,Jennifer Davila,ryandouglas@example.io,2023-10-28,example.io
309,Charles Huerta,angelagonzalez@outlook.com,2021-06-16,outlook.com
310,Rebecca Fisher,ortizsharon@ukr.net,2022-03-16,ukr.net
311,Kimberly Ramirez,ymclaughlin@gmail.com,2022-09-26,gmail.com
312,Natalie Wilkerson,rholt@example.io,2020-06-20,example.io
313,Amanda Woods DVM,burkejulie@example.io,2024-04-22,example.io
314,Kelly Johnson,bethany31@gmail.com,2024-05-02,gmail.com
315,Gregory Cordova,james87@outlook.com,2022-01-07,outlook.com
316,Jennifer Stevens,amy73@yahoo.com,2021-10-24,yahoo.com
317,Carolyn Williamson,donaldgibson@hotmail.com,2022-10-06,hotmail.com
318,Jonathan Evans,yjordan@yahoo.com,2023-09-09,yahoo.com
319,Cassandra Zuniga,cbutler@outlook.com,2021-08-22,outlook.com
320,Alexandria Mccullough,kwright@hotmail.com,2021-07-12,hotmail.com
321,Stephen Ramirez,michaelgordon@mailbox.org,2020-01-08,mailbox.org
322,James Pham,hwatkins@ukr.net,2021-12-08,ukr.net
323,Kevin Sharp,daniel55@gmail.com,2020-07-09,gmail.com
324,April Schmidt,russell24@mailbox.org,2021-10-08,mailbox.org
325,Kayla Freeman,fmiller@example.io,2024-07-05,example.io
326,Christy Bonilla,campbellwanda@mailbox.org,2024-05-12,mailbox.org
327,Mary Keller,uwalker@example.io,2021-02-01,example.io
328,Joshua Garcia,gary23@example.io,2022-06-18,example.io
329,Randy Hart,dawn70@yahoo.com,2020-09-22,yahoo.com
330,Alicia Johnson,jennifer31@ukr.net,2024-01-05,ukr.net
331,Sara Warner,ibarrajames@gmail.com,2021-05-06,gmail.com
332,Matthew Tucker,emily29@example.io,2020-09-01,example.io
333,Heather Patterson,hinesjeremy@mailbox.org,2023-01-25,mailbox.org
334,Daniel Fitzgerald,joshua38@ukr.net,2023-01-02,ukr.net
335,Mark Medina Jr.,ascott@yahoo.com,2021-05-08,yahoo.com
336,Cindy Alvarado,robert37@gmail.com,2022-09-10,gmail.com
337,Chad Jones,vwright@yahoo.com,2021-12-15,yahoo.com
338,Teresa Miller,stacybrown@ukr.net,2023-04-01,ukr.net
339,Harry Jackson,sandra62@hotmail.com,2021-01-20,hotmail.com
340,Pamela Carson,donald93@yahoo.com,2023-02-24,yahoo.com
341,Lisa Clark,icline@ukr.net,2022-09-29,ukr.net
342,Christopher Martinez,santosdiane@outlook.com,2023-12-18,outlook.com
343,Kayla Jensen,guzmanrobin@ukr.net,2023-09-16,ukr.net
344,Benjamin Evans,david42@hotmail.com,2021-04-23,hotmail.com
345,James Ramirez,leahbaldwin@outlook.com,2021-06-25,outlook.com
346,Tina Charles,edavenport@outlook.com,2022-02-21,outlook.com
347,Caleb Garcia,robert82@gmail.com,2021-03-05,gmail.com
348,Suzanne Williams,mejiamelinda@yahoo.com,2024-01-24,yahoo.com
349,Valerie Sanders,stephanie83@hotmail.com,2020-06-18,hotmail.com
350,Marcus White,craig90@hotmail.com,2023-09-26,hotmail.com
351,Thomas Farmer,markjohnson@outlook.com,2023-07-10,outlook.com
352,William Cunningham,carolyn72@outlook.com,2023-11-06,outlook.com
353,Nicholas Young,schmidtmarcus@gmail.com,2024-06-25,gmail.com
354,Angela Peters,etorres@ukr.net,2022-06-06,ukr.net
355,Caitlin Smith,robertschmidt@ukr.net,2020-11-20,ukr.net
356,Rodney Miller,dbarker@outlook.com,2024-04-30,outlook.com
357,Mary Cole,dayjennifer@mailbox.org,2023-11-17,mailbox.org
358,Peter Frank,vincentmiddleton@gmail.com,2021-05-26,gmail.com
359,Brian Hernandez,camposchristopher@outlook.com,2023-05-20,outlook.com
360,Joseph Gonzalez,bishopchristopher@hotmail.com,2021-06-16,hotmail.com
361,Erik Webb,tsalinas@outlook.com,2020-02-22,outlook.com
362,Madison Brown,hmarquez@outlook.com,2023-08-05,outlook.com
363,Michael Perez,cobbmark@hotmail.com,2023-12-11,hotmail.com
364,Patricia Greer,robinwalker@mailbox.org,2021-04-18,mailbox.org
365,Derek Parrish,patricia77@ukr.net,2022-10-10,ukr.net
366,Stephen Hill,aaronfletcher@mailbox.org,2020-09-11,mailbox.org
367,Scott Haas,andersoncaitlin@outlook.com,2020-12-01,outlook.com
368,Christopher Vega,whitegregory@gmail.com,2021-09-19,gmail.com
369,Joshua Johnson,anthony73@gmail.com,2021-07-26,gmail.com
370,Charles Lowe,patricialin@example.io,2020-07-01,example.io
371,Mr. Marcus Osborn,stoneshawn@hotmail.com,2021-03-14,hotmail.com
372,Michael Nelson,lewissandra@ukr.net,2020-01-31,ukr.net
373,Jay Herrera,ingramkristen@example.io,2020-05-17,example.io
374,Dalton Martinez,laurale@ukr.net,2021-05-30,ukr.net
375,Amanda James,gcallahan@yahoo.com,2024-01-22,yahoo.com
376,Anthony Kim,brentnichols@ukr.net,2021-07-18,ukr.net
377,Rebecca Hall,vellison@outlook.com,2021-06-11,outlook.com
378,Madeline Edwards,christina64@hotmail.com,2020-04-24,hotmail.com
379,Andrew Carroll,zmccullough@mailbox.org,2022-03-24,mailbox.org
380,Natalie Brown,welchjames@yahoo.com,2022-08-09,yahoo.com
381,Stacey Hodges,bruce87@gmail.com,2023-10-30,gmail.com
382,Victoria Johnson,nicole54@yahoo.com,2022-07-20,yahoo.com
383,Jennifer Downs,brownjulia@ukr.net,2023-11-03,ukr.net
384,Brandon Bowen,brownmaria@mailbox.org,2024-06-20,mailbox.org
385,Jay Guerrero,audrey52@yahoo.com,2024-05-20,yahoo.com
386,Dakota Houston,deanna86@mailbox.org,2022-06-14,mailbox.org
387,Abigail Burton,hartsteven@yahoo.com,2022-02-07,yahoo.com
388,Sarah Morales,mfreeman@gmail.com,2024-09-09,gmail.com
389,Melissa Macdonald,buchananbrittney@mailbox.org,2022-08-17,mailbox.org
390,Brittany Young,jessicaperez@outlook.com,2021-02-03,outlook.com
391,Theresa Mcknight,masonbryan@ukr.net,2021-06-24,ukr.net
392,Gary Ibarra,butlerrobyn@yahoo.com,2020-05-22,yahoo.com
393,Jerry Johnston,iclark@example.io,2022-03-06,example.io
394,Nathan Morris,billymonroe@yahoo.com,2020-09-23,yahoo.com
395,Chris Robertson,cmiller@hotmail.com,2021-06-04,hotmail.com
396,Mary Williams,mallorymoore@example.io,2024-05-11,example.io
397,Jean Harrington,erikaball@gmail.com,2024-05-25,gmail.com
398,Donald Mcdonald,rileygina@gmail.com,2021-11-01,gmail.com
399,Joy Patrick,jerry52@mailbox.org,2020-11-15,mailbox.org
400,Kelsey Young,dawnmonroe@hotmail.com,2022-10-29,hotmail.com
401,George Stokes,greendaniel@yahoo.com,2021-05-28,yahoo.com
402,Paul Parks,cjones@mailbox.org,2023-08-22,mailbox.org
403,Diane Flores,vaughnshawn@yahoo.com,2020-07-30,yahoo.com
404,Mary Santiago,bellnancy@mailbox.org,2020-03-22,mailbox.org
405,William Arnold,parkjacob@outlook.com,2021-06-02,outlook.com
406,Jasmine Foster,ashleyconley@example.io,2024-08-25,example.io
407,Wendy Mitchell,justinholloway@gmail.com,2023-10-01,gmail.com
408,Mr. Robert Edwards MD,mary50@outlook.com,2024-09-03,outlook.com
409,Erica Thomas,catherine77@mailbox.org,2023-10-26,mailbox.org
410,Danielle Miller,vernon41@hotmail.com,2020-02-08,hotmail.com
411,Amanda Combs,richardweiss@mailbox.org,2021-01-01,mailbox.org
412,Roger Hopkins,benjamin08@gmail.com,2023-10-26,gmail.com
413,Brian Turner,masondiana@hotmail.com,2020-05-29,hotmail.com
414,Zachary Reyes,wquinn@example.io,2021-12-25,example.io
415,Diane Kennedy,laura67@mailbox.org,2023-11-22,mailbox.org
416,Charles Smith,aliciasmith@gmail.com,2023-12-16,gmail.com
417,Lori Conley,isabelladominguez@hotmail.com,2023-12-27,hotmail.com
418,Ethan Smith,daltonrandy@gmail.com,2023-10-05,gmail.com
419,John Williams,blackburnhunter@outlook.com,2022-03-19,outlook.com
420,Ryan Nash,jordantoni@outlook.com,2021-08-05,outlook.com
421,John Collins,hjohnson@ukr.net,2023-03-31,ukr.net
422,Charlotte Gould,claytonbrian@example.io,2022-01-21,example.io
423,Duane Aguilar,todd01@yahoo.com,2021-10-13,yahoo.com
424,Whitney Long,mollytorres@hotmail.com,2023-10-03,hotmail.com
425,Jeffery Hodges,lindseyperez@gmail.com,2023-05-27,gmail.com
426,Micheal Sandoval,john56@gmail.com,2021-10-10,gmail.com
427,Toni Wood,collinslisa@yahoo.com,2021-03-16,yahoo.com
428,Margaret Willis,kevinbaker@example.io,2021-03-30,example.io
429,Ann Greene,juanhall@gmail.com,2023-01-06,gmail.com
430,Danielle Sparks,ariel40@example.io,2022-12-08,example.io
431,Matthew Rodriguez,msalinas@yahoo.com,2020-07-05,yahoo.com
432,Carl Mullins,ksmith@yahoo.com,2022-08-10,yahoo.com
433,Amy Ellis,gilmorechristopher@mailbox.org,2023-12-30,mailbox.org
434,Gwendolyn Lopez,amandacampbell@example.io,2023-07-08,example.io
435,Charles Griffith,jennifervillarreal@mailbox.org,2022-10-29,mailbox.org
436,Kyle Horne DDS,sarahsmall@outlook.com,2020-05-28,outlook.com
437,April Thomas,sherrywilliams@example.io,2021-10-20,example.io
438,Angel Hobbs,camerontimothy@hotmail.com,2020-03-15,hotmail.com
439,Timothy Chavez,hoffmantara@gmail.com,2020-03-11,gmail.com
440,Elizabeth Larson,thall@mailbox.org,2024-06-08,mailbox.org
441,Thomas Craig,kevinroth@mailbox.org,2024-06-05,mailbox.org
442,Olivia Moore,joycekelly@yahoo.com,2022-11-17,yahoo.com
443,Lindsey Bender,bvalencia@yahoo.com,2023-09-11,yahoo.com
444,Paula Williams,elizabethanderson@yahoo.com,2021-01-08,yahoo.com
445,Michael Woods,jeffrey93@gmail.com,2022-01-15,gmail.com
446,Kimberly Hunt,cowen@hotmail.com,2022-12-18,hotmail.com
447,Amy Jackson,wileynicole@yahoo.com,2024-07-21,yahoo.com
448,Edward Miles,nwright@ukr.net,2023-01-28,ukr.net
449,Jill White,deborahbenson@ukr.net,2021-08-16,ukr.net
450,Amy Thompson,pking@hotmail.com,2022-03-07,hotmail.com
451,Stanley Lee,allison63@example.io,2023-12-09,example.io
452,Gloria Avila,michelledavidson@hotmail.com,2020-02-23,hotmail.com
453,Stephanie Osborne,murphyspencer@mailbox.org,2023-03-06,mailbox.org
454,Monica Jacobson,ashleywagner@example.io,2020-03-14,example.io
455,Katie Morgan,wcastillo@mailbox.org,2021-12-02,mailbox.org
456,Heidi Wilson,mitchellmichael@ukr.net,2023-03-11,ukr.net
457,Donald Peck,barbara19@hotmail.com,2023-02-16,hotmail.com
458,Richard Salazar,djohnson@example.io,2024-02-18,example.io
459,Dustin Morris,kellyfowler@yahoo.com,2024-04-12,yahoo.com
460,Amanda Wolfe,jamesmartinez@hotmail.com,2021-01-22,hotmail.com
461,Mrs. Cassandra Cox,william93@yahoo.com,2022-05-25,yahoo.com
462,James Brown,jennamueller@yahoo.com,2020-02-02,yahoo.com
463,Joel Gibson,elizabeth86@mailbox.org,2022-12-05,mailbox.org
464,Deanna Wilson,henry54@hotmail.com,2024-08-08,hotmail.com
465,Gerald Holder,kimberlydixon@yahoo.com,2022-03-11,yahoo.com
466,Miguel Garcia,rebeccahansen@outlook.com,2020-06-05,outlook.com
467,Michaela Willis,kenneth34@example.io,2021-09-05,example.io
468,Shawn Williams,david05@yahoo.com,2023-09-09,yahoo.com
469,Heidi Stafford,ohernandez@gmail.com,2022-01-14,gmail.com
470,Jodi Gibson,beckdanielle@mailbox.org,2024-02-17,mailbox.org
471,Shaun Allen,reginald80@mailbox.org,2023-03-30,mailbox.org
472,Trevor Wilkins,corey91@mailbox.org,2020-03-07,mailbox.org
473,Grace Clark,michellecampbell@mailbox.org,2020-10-10,mailbox.org
474,Jill Dyer,tdickerson@mailbox.org,2022-12-03,mailbox.org
475,Elizabeth Barker,jensenmaria@gmail.com,2023-09-07,gmail.com
476,Cassandra Anderson,joannepayne@hotmail.com,2023-04-12,hotmail.com
477,Kristina Bradley,maria19@example.io,2024-10-08,example.io
478,Jennifer Arnold,joanncarey@gmail.com,2024-05-23,gmail.com
479,Alexander Torres,morrisjacqueline@mailbox.org,2021-06-29,mailbox.org
480,Joseph Sullivan Jr.,nford@mailbox.org,2024-10-02,mailbox.org
481,Jacqueline Vance,taylordaniel@yahoo.com,2021-11-27,yahoo.com
482,Caitlin Walsh,lawsonrobert@hotmail.com,2023-08-08,hotmail.com
483,Nicole Bradley,deborahsmith@yahoo.com,2024-02-08,yahoo.com
484,Scott Harris,shannon11@yahoo.com,2024-09-18,yahoo.com
485,Elizabeth Nichols,oliviaallen@yahoo.com,2023-05-03,yahoo.com
486,Kenneth Anderson,daniellelynch@example.io,2020-08-27,example.io
487,Monica Griffin,tjohnson@gmail.com,2022-06-13,gmail.com
488,Christine Olson,rcastro@outlook.com,2021-05-09,outlook.com
489,Keith Saunders,valenciajonathan@example.io,2024-02-10,example.io
490,Reginald Avila,williamscourtney@gmail.com,2021-09-04,gmail.com
491,Michael Oconnor,kentmichael@mailbox.org,2021-05-09,mailbox.org
492,Rachel Jones,andrew40@mailbox.org,2023-04-14,mailbox.org
493,Dr. Cindy Ward,rmartin@yahoo.com,2020-02-27,yahoo.com
494,Monica Shaw,jacob14@mailbox.org,2021-12-25,mailbox.org
495,Timothy Wilson,greeneeric@gmail.com,2020-07-27,gmail.com
496,Christopher Campbell,carolynmyers@example.io,2022-01-24,example.io
497,Matthew David,nmitchell@ukr.net,2021-10-21,ukr.net
498,Brooke Meyer,petergarza@example.io,2024-06-03,example.io
499,Natasha Cooke,odougherty@ukr.net,2022-03-08,ukr.net
500,Robert Drake,gina21@hotmail.com,2024-07-18,hotmail.com
501,Morgan Lewis,dolson@gmail.com,2023-09-04,gmail.com
502,John Lawrence,justinhammond@gmail.com,2020-11-17,gmail.com
503,Michael Arnold,swalsh@outlook.com,2021-06-25,outlook.com
504,Laura Sims,katie12@ukr.net,2022-05-12,ukr.net
505,Heather Walker,dcunningham@gmail.com,2022-09-12,gmail.com
506,Antonio Brown,cortezdonna@mailbox.org,2023-11-06,mailbox.org
507,Mrs. Kimberly White,pwise@outlook.com,2021-07-17,outlook.com
508,Amanda Hall,joansalazar@outlook.com,2023-07-27,outlook.com
509,Charles Ortiz,vclark@gmail.com,2021-12-02,gmail.com
510,Alexandra Bowman,marquezstephanie@gmail.com,2022-10-25,gmail.com
511,Evan Hernandez,courtneymiller@example.io,2023-01-22,example.io
512,Joseph Cabrera,veronicaholder@mailbox.org,2024-07-20,mailbox.org
513,Gabriela Cole,joshua79@outlook.com,2023-06-29,outlook.com
514,Kelly Gibson,peggy99@yahoo.com,2022-06-06,yahoo.com
515,Thomas Stewart,andreaalexander@mailbox.org,2022-05-13,mailbox.org
516,Cathy Gallagher,gonzaleznichole@ukr.net,2024-04-24,ukr.net
517,Trevor Nixon,ntaylor@example.io,2020-10-01,example.io
518,Samantha Hicks,taylorgraves@yahoo.com,2024-02-05,yahoo.com
519,Lynn Wright,qbennett@example.io,2024-02-04,example.io
520,Ashley Bradley,hoffmanjames@example.io,2024-04-14,example.io
521,Allison Schneider,lauren97@mailbox.org,2020-08-30,mailbox.org
522,Michael Schroeder,deannaclements@hotmail.com,2023-05-05,hotmail.com
523,Caitlin Murray,fordrebecca@outlook.com,2022-07-07,outlook.com
524,Todd Hughes,fking@hotmail.com,2021-12-03,hotmail.com
525,Megan Thompson,dannywhite@hotmail.com,2024-04-13,hotmail.com
526,Jonathan Salas,jenniferjohnson@gmail.com,2021-09-15,gmail.com
527,Kristen Estrada,jackmendoza@yahoo.com,2024-10-10,yahoo.com
528,Wendy Gill,dustin95@yahoo.com,2024-05-13,yahoo.com
529,Kathryn Berger,swatts@yahoo.com,2024-05-27,yahoo.com
530,Robert Lawrence,jeffrey45@mailbox.org,2023-10-15,mailbox.org
531,Megan Meyers,tina66@hotmail.com,2020-03-15,hotmail.com
532,Matthew Costa,kendrawells@hotmail.com,2024-02-21,hotmail.com
533,Rhonda Mora,wporter@gmail.com,2024-04-11,gmail.com
534,Gabriel Sloan,markrichards@yahoo.com,2021-04-01,yahoo.com
535,Joshua Baker,hjohnston@example.io,2020-11-16,example.io
536,Nicholas Gibbs,kevincastro@outlook.com,2020-03-24,outlook.com
537,Meghan Cordova,kristen75@example.io,2021-03-14,example.io
538,Alicia Stout,druiz@gmail.com,2023-08-10,gmail.com
539,Timothy Lopez,willie50@mailbox.org,2024-03-14,mailbox.org
540,Amber Sutton,austinsoto@example.io,2023-08-30,example.io
541,Robert Reid,riveranicholas@hotmail.com,2022-12-22,hotmail.com
542,Mrs. Bianca Turner,richjennifer@yahoo.com,2021-12-08,yahoo.com
543,Elizabeth Gray,justintorres@example.io,2021-09-29,example.io
544,Matthew Waters,conradcameron@hotmail.com,2020-08-02,hotmail.com
545,Jeffrey Flowers,laura24@outlook.com,2021-11-17,outlook.com
546,Joseph Mcgrath,ortegakathleen@ukr.net,2021-10-26,ukr.net
547,Jessica Ward,troy86@mailbox.org,2022-07-30,mailbox.org
548,Curtis Smith,rachelprice@ukr.net,2022-08-14,ukr.net
549,Anthony Bennett,mitchellgreg@gmail.com,2022-09-14,gmail.com
550,Margaret Greene,jwatts@example.io,2020-04-21,example.io
551,Mrs. Sara Morrison,kerryhaley@yahoo.com,2023-07-08,yahoo.com
552,James Wright,thomas18@hotmail.com,2022-09-11,hotmail.com
553,Jeffrey Velazquez,donna37@ukr.net,2020-09-12,ukr.net
554,Kaitlin Huffman,sandovalmelissa@example.io,2021-05-05,example.io
555,Vanessa Pruitt,candiceboyd@yahoo.com,2023-02-25,yahoo.com
556,Cole Gregory,whouston@yahoo.com,2023-04-12,yahoo.com
557,Crystal Berger,redwards@hotmail.com,2022-01-10,hotmail.com
558,Laura Russell,maxwelch@hotmail.com,2023-03-30,hotmail.com
559,Jennifer Reed,timothymoreno@outlook.com,2023-09-04,outlook.com
560,Norma Mann,cjohnson@outlook.com,2020-04-09,outlook.com
561,Alexis Young,donald44@hotmail.com,2023-03-27,hotmail.com
562,Gary Matthews,mrodriguez@yahoo.com,2023-07-20,yahoo.com
563,Alyssa Thompson,jhendricks@example.io,2024-09-26,example.io
564,Cynthia Hansen,robinsonthomas@hotmail.com,2020-04-10,hotmail.com
565,Jonathan Hurley,meganhinton@example.io,2021-09-16,example.io
566,Deborah Stewart,normanjennifer@gmail.com,2021-11-14,gmail.com
567,Jackson Wilson,kathleenmendoza@hotmail.com,2023-10-13,hotmail.com
568,Christopher Shaw,michael87@yahoo.com,2023-03-18,yahoo.com
569,Alyssa Wells,gregorybrandi@gmail.com,2020-11-28,gmail.com
570,William Flores,debra26@example.io,2022-04-18,example.io
571,Mary Flores,adam24@example.io,2021-07-17,example.io
572,Lucas James,daniel03@yahoo.com,2022-06-05,yahoo.com
573,Jeffrey Erickson,allenrichard@yahoo.com,2020-10-06,yahoo.com
574,Corey Phillips,scottmichael@ukr.net,2021-01-09,ukr.net
575,Amber Shields,znolan@outlook.com,2022-06-18,outlook.com
576,Jeffrey Harris,egreen@outlook.com,2020-10-10,outlook.com
577,Adrian Pierce,wilsonfelicia@mailbox.org,2023-05-23,mailbox.org
578,Damon Rivers,othompson@hotmail.com,2022-11-30,hotmail.com
579,Tracey Wyatt,wendyball@hotmail.com,2024-02-06,hotmail.com
580,Brandon Bullock,hillcraig@yahoo.com,2020-07-19,yahoo.com
581,Charles Wilson,showard@gmail.com,2024-05-25,gmail.com
582,Brittany Walker,wanderson@gmail.com,2024-08-24,gmail.com
583,Heidi James,seangarcia@yahoo.com,2023-08-09,yahoo.com
584,James Stewart,ryankatherine@yahoo.com,2022-08-15,yahoo.com
585,Andrew Newton,harrisonwilliam@ukr.net,2024-06-19,ukr.net
586,David Cooper,zespinoza@mailbox.org,2022-01-02,mailbox.org
587,Ethan Kirk,blarsen@example.io,2022-06-16,example.io
588,Matthew Brown,olsonemily@mailbox.org,2024-08-11,mailbox.org
589,Allen Reyes,mark05@gmail.com,2023-10-31,gmail.com
590,Donald Williams,ryan01@gmail.com,2021-01-29,gmail.com
591,Michael Stewart,jdavis@ukr.net,2023-10-19,ukr.net
592,Katherine Pena,wilsonchristopher@mailbox.org,2021-02-18,mailbox.org
593,Douglas Leblanc,sara30@yahoo.com,2021-08-28,yahoo.com
594,Kimberly Aguilar,abates@yahoo.com,2024-04-22,yahoo.com
595,Patricia Smith,pthomas@mailbox.org,2021-11-21,mailbox.org
596,William Peters,ghunt@gmail.com,2022-01-26,gmail.com
597,Angela Madden,davidsonbarbara@example.io,2022-12-27,example.io
598,Felicia Garcia,cassidy52@yahoo.com,2022-11-03,yahoo.com
599,Lynn Wu,richardgomez@gmail.com,2022-10-05,gmail.com
600,Jennifer Williams,beanbrittany@outlook.com,2022-12-25,outlook.com
601,Nicholas Palmer,kimberly48@yahoo.com,2020-12-26,yahoo.com
602,Tonya Thomas,christina52@gmail.com,2021-06-05,gmail.com
603,Aaron Sims,richard07@ukr.net,2022-12-23,ukr.net
604,Veronica Hill,riveraphyllis@gmail.com,2023-04-23,gmail.com
605,Chelsea Miller,ijohnson@outlook.com,2023-11-12,outlook.com
606,Marvin Weaver,nicholas57@example.io,2020-10-21,example.io
607,Diana Williams,justin69@hotmail.com,2023-03-26,hotmail.com
608,Grant Smith,sharonwolfe@mailbox.org,2024-09-16,mailbox.org
609,Brenda Hall,juliagarrett@hotmail.com,2020-11-11,hotmail.com
610,Kathy Williams,wadesarah@mailbox.org,2021-10-11,mailbox.org
611,Rachel Phillips,robert91@outlook.com,2020-06-30,outlook.com
612,Joshua Knight,qgordon@hotmail.com,2021-02-10,hotmail.com
613,Carlos Hebert,christopherwaller@example.io,2020-03-04,example.io
614,Martin Taylor,nicholas14@example.io,2022-06-09,example.io
615,Jonathan Jones,walkerstephen@example.io,2020-01-19,example.io
616,Kevin Foley,ericachoi@outlook.com,2024-04-08,outlook.com
617,Brian Smith,richardhess@gmail.com,2022-02-21,gmail.com
618,Kelly Herrera,phillipwebb@example.io,2024-04-22,example.io
619,Evelyn Johnson,diazamanda@yahoo.com,2023-06-14,yahoo.com
620,Michael Hanson,douglasdavis@yahoo.com,2021-06-07,yahoo.com
621,Dr. Elizabeth Padilla,jessica06@ukr.net,2024-04-14,ukr.net
622,Tammie Hill,maxknight@ukr.net,2022-01-30,ukr.net
623,Valerie Walker,harmonphilip@outlook.com,2021-02-28,outlook.com
624,Kelly Mcdowell,gmiller@ukr.net,2020-11-11,ukr.net
625,David Jones,craighailey@mailbox.org,2024-09-29,mailbox.org
626,Emily Cuevas,nathan16@example.io,2024-04-15,example.io
627,Thomas Martin,victoria07@gmail.com,2021-02-02,gmail.com
628,Katie Jimenez,joseph36@outlook.com,2024-06-16,outlook.com
629,Dawn Jones,alexbrown@example.io,2023-09-27,example.io
630,Gerald Sanchez,rogerskenneth@gmail.com,2022-01-21,gmail.com
631,Damon Hoover,samantha93@gmail.com,2022-09-29,gmail.com
632,Michael Sharp,dferrell@hotmail.com,2021-05-14,hotmail.com
633,Patricia Mercado,darrell30@ukr.net,2023-02-14,ukr.net
634,Robert Hobbs,johngreen@mailbox.org,2023-02-13,mailbox.org
635,Kenneth Lee,kiara00@example.io,2023-11-26,example.io
636,Mike Sanchez,francokathryn@outlook.com,2020-08-05,outlook.com
637,Steven Hart,lesliecastillo@mailbox.org,2020-12-15,mailbox.org
638,Justin Callahan,nicole02@ukr.net,2023-01-13,ukr.net
639,David Campos,madison54@hotmail.com,2022-08-09,hotmail.com
640,Charles Evans,jeffreywolfe@yahoo.com,2020-12-08,yahoo.com
641,Jeremiah Levine,michaelbrown@example.io,2024-08-04,example.io
642,Thomas Lee,ewallace@gmail.com,2020-06-25,gmail.com
643,Deborah Kim,jessica92@hotmail.com,2023-04-22,hotmail.com
644,Christina Walton,ihoover@yahoo.com,2021-10-18,yahoo.com
645,Edward Holmes,mckenziejoseph@yahoo.com,2024-07-20,yahoo.com
646,Vickie Stewart,watsonnancy@gmail.com,2023-10-19,gmail.com
647,Matthew Melton,virginiarollins@outlook.com,2020-05-02,outlook.com
648,Sarah Perkins,jeffrey68@example.io,2020-12-28,example.io
649,Alyssa Rogers,patrickdaniel@hotmail.com,2021-02-24,hotmail.com
650,Patrick Brown,carla80@example.io,2021-12-25,example.io
651,Jeremy Sanders,gwendolyncox@ukr.net,2024-02-08,ukr.net
652,Katherine Fuller,dickersonmelanie@gmail.com,2022-10-09,gmail.com
653,Bryan Hayes,gonzalezyolanda@hotmail.com,2022-08-20,hotmail.com
654,Kelsey Hall,gregoryharrison@ukr.net,2023-03-28,ukr.net
655,Dana Brooks,christine35@hotmail.com,2023-04-25,hotmail.com
656,Kenneth Watson,scottpalmer@ukr.net,2022-06-26,ukr.net
657,Nathaniel Stephenson,jeffrey86@yahoo.com,2021-07-20,yahoo.com
658,Gary Harris,kparker@mailbox.org,2024-07-09,mailbox.org
659,Melinda Mccoy,rogerseric@ukr.net,2020-02-05,ukr.net
660,Wendy Graham,gperez@yahoo.com,2022-04-04,yahoo.com
661,Daniel King,benjaminmoore@hotmail.com,2021-12-07,hotmail.com
662,Sabrina Morgan,grossrichard@mailbox.org,2021-02-16,mailbox.org
663,Amy Raymond,cortezscott@ukr.net,2024-04-15,ukr.net
664,Christopher Walton,ealexander@hotmail.com,2024-10-13,hotmail.com
665,Christina Jackson,lawrencerobert@hotmail.com,2023-05-09,hotmail.com
666,Angela Mcclain,danielleperkins@gmail.com,2020-06-04,gmail.com
667,Meghan Olson,danielmitchell@mailbox.org,2024-01-20,mailbox.org
668,Amanda Jordan,khogan@gmail.com,2022-09-23,gmail.com
669,Teresa Harper,rachelnolan@ukr.net,2023-02-11,ukr.net
670,Gary Hoover,umoran@gmail.com,2022-02-26,gmail.com
671,Diane Payne,cpeters@mailbox.org,2024-03-07,mailbox.org
672,Sydney Gonzalez,brent43@ukr.net,2021-08-12,ukr.net
673,Shannon Hayes,megan07@hotmail.com,2024-09-25,hotmail.com
674,Rita Proctor,david40@gmail.com,2022-12-01,gmail.com
675,David Shepherd,navery@mailbox.org,2023-10-02,mailbox.org
676,Dennis Jimenez,elizabethmitchell@example.io,2020-05-04,example.io
677,Angela Jones,barnettsharon@example.io,2023-08-06,example.io
678,Kristen Carter,xpierce@example.io,2022-11-11,example.io
679,Courtney Wong,tyler62@hotmail.com,2022-10-17,hotmail.com
680,Michael Cross,justinsmith@hotmail.com,2024-01-04,hotmail.com
681,Jonathan Simmons,treed@yahoo.com,2021-01-05,yahoo.com
682,Carla Reid,dariuspatel@gmail.com,2024-03-18,gmail.com
683,Adrian Bailey,diane55@mailbox.org,2021-09-22,mailbox.org
684,Tabitha Mccoy,jennifersmith@outlook.com,2021-09-19,outlook.com
685,Donna Ramsey,elizabethsanford@outlook.com,2021-12-08,outlook.com
686,Cheryl Hall PhD,timothydyer@example.io,2021-03-20,example.io
687,Amy Brown,brittany46@gmail.com,2024-08-14,gmail.com
688,Katie Young,lori63@example.io,2020-01-21,example.io
689,Ann Swanson,megan21@hotmail.com,2020-01-11,hotmail.com
690,Kelly Clarke,andrew21@hotmail.com,2023-05-01,hotmail.com
691,James Roberts,willisconnie@ukr.net,2023-04-10,ukr.net
692,Evan Curtis,marysnyder@mailbox.org,2022-02-11,mailbox.org
693,Kristen Scott,julie43@hotmail.com,2021-06-07,hotmail.com
694,David Murphy,gstewart@example.io,2022-05-20,example.io
695,Dr. Kyle Gallagher,henryjacob@ukr.net,2021-11-03,ukr.net
696,Candice Perez,nbrown@mailbox.org,2021-11-05,mailbox.org
697,Emily Brown,usmith@mailbox.org,2020-08-26,mailbox.org
698,Rebecca Small,audreymartinez@yahoo.com,2023-05-20,yahoo.com
699,Derrick Schwartz,christopher34@ukr.net,2023-02-23,ukr.net
700,Amanda Perez,lisa89@hotmail.com,2022-05-19,hotmail.com
701,Jessica Torres,xlewis@gmail.com,2021-10-14,gmail.com
702,Nicholas Evans,jacqueline85@ukr.net,2023-05-21,ukr.net
703,Todd Robinson,zachary78@hotmail.com,2021-12-12,hotmail.com
704,Margaret Burke,thomasjennifer@ukr.net,2020-05-17,ukr.net
705,Laura Moore,mark01@example.io,2021-06-11,example.io
706,Todd Williams,hconner@outlook.com,2023-02-09,outlook.com
707,Jeremy Gonzalez,joshuarodriguez@ukr.net,2022-01-25,ukr.net
708,Donna Grant,rachel47@ukr.net,2022-10-11,ukr.net
709,Thomas Butler,cindy46@example.io,2022-08-25,example.io
710,Blake Lopez,joshuagomez@mailbox.org,2021-11-14,mailbox.org
711,Linda Carter,smithlaura@example.io,2023-12-29,example.io
712,Micheal Campbell,sean31@example.io,2024-03-14,example.io
713,Jose Brown,iwilliams@example.io,2021-10-21,example.io
714,Douglas Bennett,ronald04@yahoo.com,2021-12-07,yahoo.com
715,Jennifer Ward,jillwhitney@yahoo.com,2022-07-02,yahoo.com
716,Robert Wolf,toni47@yahoo.com,2020-09-11,yahoo.com
717,Jordan Stein,kellygraham@yahoo.com,2024-09-22,yahoo.com
718,Angelica Martinez,teresa48@example.io,2024-07-12,example.io
719,Megan Snyder,qmendoza@gmail.com,2024-04-13,gmail.com
720,Jessica Robinson,nguyenjeffrey@hotmail.com,2024-02-27,hotmail.com
721,Pedro Patterson,rachel90@gmail.com,2021-12-15,gmail.com
722,Patrick Montes,shawnavery@outlook.com,2020-04-21,outlook.com
723,John Parsons,stevenglover@example.io,2021-11-23,example.io
724,Deanna Carr,lisa51@gmail.com,2024-09-11,gmail.com
725,Brianna Watson,dylanbrown@example.io,2020-09-09,example.io
726,Bryan Castillo,brewerjoseph@hotmail.com,2022-08-08,hotmail.com
727,William Gonzalez,philip98@ukr.net,2024-07-11,ukr.net
728,Christina Sanchez,tamarabentley@hotmail.com,2022-03-27,hotmail.com
729,Curtis Newman,xbuckley@hotmail.com,2020-12-27,hotmail.com
730,Tina Gomez,christinalee@yahoo.com,2024-06-26,yahoo.com
731,Rebekah Wilkins,xfisher@ukr.net,2021-06-17,ukr.net
732,Jeffrey Le,veronicacoleman@ukr.net,2021-12-09,ukr.net
733,Nicole Adkins,torressteven@example.io,2024-07-23,example.io
734,Richard Jones,jennifer82@mailbox.org,2020-07-22,mailbox.org
735,Matthew Bass,jenniferwatkins@mailbox.org,2021-01-20,mailbox.org
736,Willie Sawyer,edwardbishop@mailbox.org,2020-02-27,mailbox.org
737,Deborah Hamilton,tylerhumphrey@mailbox.org,2023-06-19,mailbox.org
738,Marie Flores,ashleylawson@example.io,2021-09-02,example.io
739,Steven Brady,jerrydowns@hotmail.com,2022-09-30,hotmail.com
740,Kelly Goodwin,ewilliams@ukr.net,2022-09-05,ukr.net
741,Melvin White,bauerbrandon@mailbox.org,2021-02-25,mailbox.org
742,Karen Lynch,ljensen@example.io,2022-07-16,example.io
743,Michelle Mcgrath,bholloway@mailbox.org,2020-10-06,mailbox.org
744,Lauren Mcclure,ramirezbrent@example.io,2021-11-03,example.io
745,Sarah Jones,fordariel@outlook.com,2022-03-19,outlook.com
746,Elizabeth Pope,swerner@mailbox.org,2024-09-15,mailbox.org
747,Tina Parker,warrenrich@yahoo.com,2022-12-06,yahoo.com
748,Angela Maynard,victorcortez@gmail.com,2022-02-11,gmail.com
749,Matthew Reed,mcconnelljamie@yahoo.com,2022-09-21,yahoo.com
750,Jacqueline Kent,james77@hotmail.com,2021-03-20,hotmail.com
751,Jeffrey Holder,lindsey66@mailbox.org,2023-07-07,mailbox.org
752,Sydney Santana,ljohnson@gmail.com,2020-04-08,gmail.com
753,Ian Brooks,kathryn40@ukr.net,2021-05-29,ukr.net
754,Laura Trujillo,johnsonpamela@yahoo.com,2020-11-04,yahoo.com
755,Brian Briggs,kevinfletcher@ukr.net,2020-06-23,ukr.net
756,Rachael Mclaughlin,dmoss@gmail.com,2021-07-19,gmail.com
757,Amber Barrera,kellymcmillan@gmail.com,2020-06-08,gmail.com
758,Shirley Thompson,gclark@yahoo.com,2024-07-14,yahoo.com
759,Rachel Gay,jlyons@ukr.net,2022-01-08,ukr.net
760,Richard Browning,kimbeth@hotmail.com,2022-03-03,hotmail.com
761,Michael Cameron,gjohnson@yahoo.com,2023-12-16,yahoo.com
762,Carrie Oconnell,vmorales@yahoo.com,2022-10-11,yahoo.com
763,Karen Wells,greenjason@mailbox.org,2023-11-20,mailbox.org
764,Paula Benson,michaelchambers@example.io,2020-12-29,example.io
765,Jordan Allen,jhenderson@hotmail.com,2023-06-25,hotmail.com
766,Sandra Harvey,jeremyestrada@mailbox.org,2021-05-28,mailbox.org
767,Dawn Hernandez,jensenlinda@mailbox.org,2020-11-23,mailbox.org
768,Joseph Richard,kayla34@gmail.com,2020-06-17,gmail.com
769,Scott Garcia PhD,sandra74@mailbox.org,2023-05-01,mailbox.org
770,Michael Becker,jdavis@example.io,2021-01-03,example.io
771,Patricia Cline,grogers@gmail.com,2024-05-19,gmail.com
772,Heather Ramirez,brittanygonzalez@example.io,2024-01-30,example.io
773,Kenneth Rodgers,grichard@example.io,2020-10-10,example.io
774,Jacob Young,kleinryan@yahoo.com,2022-12-18,yahoo.com
775,Amber Moore,davidnguyen@hotmail.com,2024-09-21,hotmail.com
776,Danielle Kelley,fadams@gmail.com,2023-05-06,gmail.com
777,Jon Alvarado,erikaclark@mailbox.org,2022-03-26,mailbox.org
778,Benjamin Dominguez,haysapril@yahoo.com,2020-08-09,yahoo.com
779,Jonathan Curtis,destrada@hotmail.com,2023-08-30,hotmail.com
780,Christine Murray,katherineburns@yahoo.com,2021-01-05,yahoo.com
781,Angela Wright,unelson@mailbox.org,2020-01-27,mailbox.org
782,Karen Peterson,avilabianca@mailbox.org,2021-12-10,mailbox.org
783,Arthur Robertson,courtney92@yahoo.com,2021-12-28,yahoo.com
784,Candace Mullen,barnesjustin@hotmail.com,2022-05-07,hotmail.com
785,Brent Martin,carpenterbrittany@ukr.net,2024-09-03,ukr.net
786,Jennifer Watson,gillespiejoel@outlook.com,2024-03-07,outlook.com
787,Mr. James Cantu,lewisryan@ukr.net,2023-12-23,ukr.net
788,Mr. David Ramirez,benjamin48@outlook.com,2022-12-16,outlook.com
789,Crystal Morgan,cheryl38@hotmail.com,2020-07-13,hotmail.com
790,Dawn Strong,carterjames@hotmail.com,2022-10-08,hotmail.com
791,Brian Krueger,daviesdaniel@yahoo.com,2021-01-11,yahoo.com
792,Dr. Janet Coleman,amypreston@hotmail.com,2024-08-13,hotmail.com
793,Brittany Snyder,sloanbreanna@gmail.com,2021-05-31,gmail.com
794,Stephanie Hale,molly71@mailbox.org,2022-03-18,mailbox.org
795,Hunter Dyer,falexander@ukr.net,2020-02-15,ukr.net
796,Edward Butler,brianbarnes@ukr.net,2021-07-01,ukr.net
797,Aaron Fowler,rodrigueztodd@hotmail.com,2021-06-16,hotmail.com
798,Robert Wolfe,stevencampbell@gmail.com,2021-06-12,gmail.com
799,Monique Gonzales MD,ydavies@yahoo.com,2023-02-07,yahoo.com
800,Susan Gardner,diazreginald@outlook.com,2022-10-14,outlook.com
801,Christopher Miller,cummingskimberly@example.io,2023-10-19,example.io
802,William Rice,ymills@ukr.net,2022-12-27,ukr.net
803,Alexis Mcdonald,cbuck@example.io,2020-01-08,example.io
804,Christopher Lee,pchung@yahoo.com,2022-11-29,yahoo.com
805,Nancy Romero,sandrabecker@mailbox.org,2020-12-03,mailbox.org
806,Terry Martin,westmichael@outlook.com,2020-10-24,outlook.com
807,Michael Brown,robertsjoshua@outlook.com,2021-06-03,outlook.com
808,Ryan Harrington,jacksonpaul@ukr.net,2020-09-19,ukr.net
809,Brittany Clark,wmendoza@ukr.net,2022-04-02,ukr.net
810,Tyrone Hamilton,katieyu@ukr.net,2023-03-20,ukr.net
811,Alexis Howard MD,ustewart@mailbox.org,2022-08-03,mailbox.org
812,Christopher Wade,nelsonrichard@mailbox.org,2021-05-14,mailbox.org
813,Maria Chang,christine04@outlook.com,2021-08-18,outlook.com
814,Michael Mcgee,jeffery22@ukr.net,2024-03-06,ukr.net
815,David Melendez,churchterri@hotmail.com,2022-10-19,hotmail.com
816,Jennifer Becker,hansenmitchell@hotmail.com,2021-01-25,hotmail.com
817,Deborah Reynolds,steven28@yahoo.com,2020-05-23,yahoo.com
818,William Fernandez,davisjoseph@example.io,2020-01-10,example.io
819,Kevin Davis,toddking@outlook.com,2020-10-03,outlook.com
820,Thomas Morgan,zjordan@example.io,2022-01-14,example.io
821,Shelley Cox,bishopraymond@mailbox.org,2024-02-21,mailbox.org
822,Laura Suarez,aaron08@mailbox.org,2023-08-13,mailbox.org
823,Daniel Alexander,njohnson@outlook.com,2022-03-30,outlook.com
824,Morgan Turner,bbowers@yahoo.com,2023-10-16,yahoo.com
825,Matthew Li,edwardsterri@gmail.com,2022-11-01,gmail.com
826,Jessica Burton,adamsstephen@ukr.net,2020-08-08,ukr.net
827,Timothy Nielsen,lcampbell@yahoo.com,2024-07-29,yahoo.com
828,Margaret Brooks,chelsea23@mailbox.org,2021-10-13,mailbox.org
829,Dr. Brian Lewis MD,douglas62@outlook.com,2020-10-10,outlook.com
830,Amy Collins,byrdjacob@hotmail.com,2021-09-04,hotmail.com
831,Luis Thomas,cassandraschmidt@mailbox.org,2022-10-21,mailbox.org
832,Nancy Wells,jody69@ukr.net,2024-06-27,ukr.net
833,Heidi Johnson,paige69@example.io,2022-04-09,example.io
834,Alexis Ross,millersara@example.io,2023-12-08,example.io
835,Robert Hill,sheilasanchez@outlook.com,2024-08-11,outlook.com
836,Jeffrey Larsen,yolanda61@gmail.com,2023-04-26,gmail.com
837,Robin Bates,taylornguyen@example.io,2022-05-30,example.io
838,Amanda Rivera,marshallandrew@ukr.net,2022-06-15,ukr.net
839,Haley Dickerson,pattonclinton@outlook.com,2020-09-01,outlook.com
840,Mark Smith,melissa65@yahoo.com,2023-08-16,yahoo.com
841,Matthew Jacobs,jsmith@outlook.com,2021-08-17,outlook.com
842,Sally Conner,arianawells@yahoo.com,2023-12-26,yahoo.com
843,Eric Ellis,aaron25@example.io,2020-04-06,example.io
844,Janet Richardson,millertracey@yahoo.com,2020-10-31,yahoo.com
845,Mitchell Cole,sanchezcarl@outlook.com,2020-03-27,outlook.com
846,Danielle Newman,james91@ukr.net,2021-03-07,ukr.net
847,Bruce Vincent,jamesjohnson@example.io,2021-01-27,example.io
848,Jared Ho,duncangerald@yahoo.com,2021-04-06,yahoo.com
849,Cindy Schaefer,lsanchez@ukr.net,2023-02-28,ukr.net
850,Brian Bright,tporter@example.io,2022-12-24,example.io
851,James Brown,ashley15@gmail.com,2020-03-01,gmail.com
852,Tara Pugh,jdiaz@mailbox.org,2022-02-12,mailbox.org
853,Mario Robinson,vickimartin@hotmail.com,2021-12-08,hotmail.com
854,Matthew Garrison,jacobgarza@outlook.com,2023-09-03,outlook.com
855,Christopher Castro,vcarr@gmail.com,2023-10-10,gmail.com
856,Jason Robinson,owilliams@gmail.com,2023-09-19,gmail.com
857,Randy Pollard,cindyestes@mailbox.org,2023-12-27,mailbox.org
858,Andrew Coleman,brendarobertson@outlook.com,2022-02-02,outlook.com
859,April Johnson,rebeccaramos@gmail.com,2023-05-26,gmail.com
860,Brianna Shields,johnrogers@mailbox.org,2023-01-15,mailbox.org
861,Jason James,bellashley@ukr.net,2021-01-21,ukr.net
862,Kevin Stewart,juliabutler@yahoo.com,2022-04-20,yahoo.com
863,Jennifer Rhodes,davisclifford@outlook.com,2024-01-24,outlook.com
864,Kaitlyn Webb,elizabeth70@example.io,2021-05-17,example.io
865,Michael Hopkins,ljuarez@ukr.net,2020-02-11,ukr.net
866,Tamara Bradford,stevenshields@example.io,2020-01-16,example.io
867,Monica Bailey,jasonduran@gmail.com,2022-10-19,gmail.com
868,Laura Brown,ray26@example.io,2024-02-18,example.io
869,Amy Perez,greermeredith@mailbox.org,2022-01-27,mailbox.org
870,Debra Hull,bushnancy@example.io,2021-12-04,example.io
871,Rickey Bishop,gmedina@ukr.net,2022-08-25,ukr.net
872,Michael Turner,mavila@yahoo.com,2022-05-04,yahoo.com
873,Alyssa Smith,woodkendra@mailbox.org,2022-05-19,mailbox.org
874,Lisa Sloan,andreabradley@mailbox.org,2022-09-28,mailbox.org
875,Benjamin Arias,colemanbrian@outlook.com,2022-08-13,outlook.com
876,Martin Klein,andersonashley@outlook.com,2022-07-24,outlook.com
877,Spencer Lee,ryan06@mailbox.org,2023-06-22,mailbox.org
878,Tony Dunn,brooksnicholas@ukr.net,2021-10-07,ukr.net
879,Lisa Haynes,cory23@hotmail.com,2022-10-04,hotmail.com
880,Kara Gamble,johnsonstephanie@gmail.com,2024-08-12,gmail.com
881,Jennifer Barrera,bethturner@mailbox.org,2023-02-09,mailbox.org
882,Travis Carter,michaelmedina@yahoo.com,2021-09-21,yahoo.com
883,Steven Smith,milleramy@mailbox.org,2021-04-06,mailbox.org
884,Amanda Poole DDS,barrerathomas@outlook.com,2023-12-02,outlook.com
885,Jennifer Coleman,hsmith@example.io,2021-11-28,example.io
886,Caitlin Romero,estradashirley@outlook.com,2024-01-29,outlook.com
887,Frank Potts,yfleming@ukr.net,2023-05-05,ukr.net
888,Allison Rocha,vberger@example.io,2024-02-11,example.io
889,Kristina Wilson,butlertraci@mailbox.org,2021-05-29,mailbox.org
890,Alexis Young,baxterbonnie@ukr.net,2020-12-10,ukr.net
891,Marcia Gaines,jasminejenkins@yahoo.com,2024-01-21,yahoo.com
892,Casey Chapman,vharper@outlook.com,2024-01-03,outlook.com
893,Lynn Lawson,penningtondavid@gmail.com,2024-06-03,gmail.com
894,Brian Mcdonald,usandoval@example.io,2020-10-07,example.io
895,Dominique Matthews,dylan76@gmail.com,2020-04-29,gmail.com
896,Thomas Wilcox,abbottstephen@example.io,2021-01-09,example.io
897,Michael Walker,lisa88@mailbox.org,2022-12-06,mailbox.org
898,Nathan Crawford,vbeck@yahoo.com,2023-02-12,yahoo.com
899,Jeremy Ho,annettestephens@outlook.com,2021-09-03,outlook.com
900,George Boyd,masseyjames@gmail.com,2020-11-11,gmail.com
901,Sabrina Smith,xryan@mailbox.org,2021-02-05,mailbox.org
902,Luis Jarvis,mlee@outlook.com,2022-09-21,outlook.com
903,Laura Hernandez,xholmes@hotmail.com,2022-03-06,hotmail.com
904,David Holloway,qlivingston@ukr.net,2020-02-19,ukr.net
905,Gabriel Moore,jimmy30@example.io,2024-05-24,example.io
906,Jessica Nichols,sheltonrobert@yahoo.com,2022-01-26,yahoo.com
907,Kristen Morales,fbailey@outlook.com,2021-04-23,outlook.com
908,Brittany Livingston,stevenskevin@ukr.net,2020-03-05,ukr.net
909,Richard Clark,barrettmichael@example.io,2020-10-03,example.io
910,Melanie Thomas,josephfreeman@outlook.com,2023-05-07,outlook.com
911,Andrea Martinez,maria01@yahoo.com,2021-05-21,yahoo.com
912,Philip Friedman,christopherterry@mailbox.org,2020-07-10,mailbox.org
913,Theresa Pace,richardsonmisty@ukr.net,2021-03-09,ukr.net
914,David Taylor,daniel15@example.io,2023-05-19,example.io
915,Mrs. Susan Vang,cooksheri@hotmail.com,2023-09-24,hotmail.com
916,Todd Gonzalez,brian77@hotmail.com,2020-09-10,hotmail.com
917,Lisa Rice,kellerdavid@outlook.com,2022-03-25,outlook.com
918,Thomas Hunter,juarezmichael@example.io,2023-02-02,example.io
919,Daniel Nash,fhancock@outlook.com,2020-08-03,outlook.com
920,Tyler Larson,johnmartin@hotmail.com,2024-06-24,hotmail.com
921,Beth Mcfarland,jacquelineclark@ukr.net,2020-08-14,ukr.net
922,Jessica Jennings,pachecotrevor@yahoo.com,2022-05-23,yahoo.com
923,Nancy Gonzales,dkeith@gmail.com,2020-10-13,gmail.com
924,Matthew Jackson,john49@outlook.com,2020-04-01,outlook.com
925,Mason Johnson,walshemily@outlook.com,2024-08-10,outlook.com
926,Corey Torres,juliacoleman@example.io,2020-03-26,example.io
927,Jose Martinez DDS,adamsnicole@hotmail.com,2022-10-16,hotmail.com
928,Timothy Jackson,edwardschristian@yahoo.com,2020-06-06,yahoo.com
929,Mark Martin,steven74@ukr.net,2020-12-26,ukr.net
930,James Jones,hbishop@hotmail.com,2021-07-07,hotmail.com
931,Shawn Richards,sandra00@outlook.com,2022-02-05,outlook.com
932,Jason Maxwell,davisann@yahoo.com,2024-10-15,yahoo.com
933,Shannon Owens,williemoore@hotmail.com,2023-05-14,hotmail.com
934,Kelly Baker,larry04@example.io,2020-05-01,example.io
935,Desiree Mcdonald,phawkins@hotmail.com,2021-11-29,hotmail.com
936,Troy Wood,loliver@outlook.com,2022-11-15,outlook.com
937,Jennifer Miller,phillipjohnson@mailbox.org,2020-07-08,mailbox.org
938,Peter Zimmerman,smyers@gmail.com,2023-02-11,gmail.com
939,Tara Rice,jbrooks@yahoo.com,2024-08-07,yahoo.com
940,Amy Green,davistommy@yahoo.com,2023-10-24,yahoo.com
941,Mr. Gary Wilson,jameslee@example.io,2023-06-17,example.io
942,Stephanie Smith,allenjohnson@hotmail.com,2021-03-07,hotmail.com
943,Jeffrey Acosta,blackchristopher@outlook.com,2021-07-07,outlook.com
944,John Aguilar,lopezdavid@hotmail.com,2022-10-23,hotmail.com
945,Jennifer Yu,ericamiller@mailbox.org,2020-01-10,mailbox.org
946,Tyler Stuart,heathjennifer@gmail.com,2024-07-26,gmail.com
947,Benjamin Sanchez,michellebryant@example.io,2022-12-25,example.io
948,Debbie Carter,hrasmussen@ukr.net,2024-08-27,ukr.net
949,Christine Williams,klewis@gmail.com,2022-10-23,gmail.com
950,Richard Armstrong,paulbowman@hotmail.com,2020-02-29,hotmail.com
951,Mark Wiley,alvarezanthony@gmail.com,2023-10-10,gmail.com
952,Angela Kim,hamiltonchristopher@gmail.com,2022-09-17,gmail.com
953,Justin Sanders,cranekenneth@example.io,2022-08-04,example.io
954,Mrs. Penny Bishop,pamela06@example.io,2022-12-09,example.io
955,Sean Cole,hancockjonathan@ukr.net,2022-12-24,ukr.net
956,Anthony Lopez,masonkyle@example.io,2023-02-04,example.io
957,Eric Brown,rlee@outlook.com,2021-04-24,outlook.com
958,Daniel Williams,ebrooks@outlook.com,2021-02-27,outlook.com
959,Maria Stuart,xmiller@example.io,2022-04-26,example.io
960,Jeffrey Mills,phillipscourtney@gmail.com,2021-12-02,gmail.com
961,Michelle Gillespie,bweaver@hotmail.com,2023-12-25,hotmail.com
962,Ricky Lopez,jeremyortiz@yahoo.com,2020-07-07,yahoo.com
963,Jacob Torres,troy20@example.io,2022-03-12,example.io
964,Mark Phillips,davidcarter@yahoo.com,2021-04-09,yahoo.com
965,Charles Taylor,martineznathan@hotmail.com,2023-12-17,hotmail.com
966,Bridget Herrera,christopher67@gmail.com,2023-02-02,gmail.com
967,Frank Mcpherson,meadowscharles@example.io,2022-02-26,example.io
968,Kimberly Waters,psmith@gmail.com,2020-10-15,gmail.com
969,Jose Yang,smithblake@example.io,2021-02-23,example.io
970,Katrina Camacho,tyates@outlook.com,2020-05-04,outlook.com
971,Kathleen Johnson,boylematthew@mailbox.org,2022-01-10,mailbox.org
972,Mr. Michael Robertson MD,laurie29@yahoo.com,2022-04-29,yahoo.com
973,Daniel Smith,vincent56@hotmail.com,2022-03-08,hotmail.com
974,Natasha Smith,anne03@hotmail.com,2020-07-11,hotmail.com
975,Heather Lopez,wrightjon@example.io,2024-08-02,example.io
976,Anthony Lawson,amberjones@hotmail.com,2022-05-10,hotmail.com
977,Richard Tucker,ryan42@hotmail.com,2021-02-21,hotmail.com
978,Ryan Krueger,nathaniel16@outlook.com,2020-04-13,outlook.com
979,Ashley Romero,samanthawilliams@outlook.com,2023-10-13,outlook.com
980,Kenneth Bond,warrenmolly@outlook.com,2021-08-11,outlook.com
981,Amanda Macias,richard98@mailbox.org,2020-10-28,mailbox.org
982,Joshua Rivera,josephcochran@mailbox.org,2021-06-12,mailbox.org
983,Heather Davis,shawkayla@ukr.net,2020-09-13,ukr.net
984,Randy Lewis,jason04@ukr.net,2021-09-04,ukr.net
985,Greg Wagner,robert52@hotmail.com,2020-10-12,hotmail.com
986,Marco Peterson,award@mailbox.org,2024-02-12,mailbox.org
987,Samantha Weber,sheri25@yahoo.com,2021-03-23,yahoo.com
988,Christopher Lewis,lesliepratt@gmail.com,2022-07-17,gmail.com
989,Jake Collins,hardinmichelle@example.io,2020-07-04,example.io
990,Kevin Grant,wpratt@yahoo.com,2023-04-12,yahoo.com
991,Charles Hicks,sullivankimberly@mailbox.org,2020-11-17,mailbox.org
992,Courtney Turner,jonesabigail@example.io,2023-06-20,example.io
993,Matthew Dunn,chris88@gmail.com,2023-08-18,gmail.com
994,Timothy Davis,elizabeth60@hotmail.com,2020-11-04,hotmail.com
995,Stanley Castillo,christy95@ukr.net,2024-06-23,ukr.net
996,Latasha Macdonald DDS,gomezdaniel@mailbox.org,2020-08-04,mailbox.org
997,Lisa Campbell,olsendonald@example.io,2020-10-12,example.io
998,Rebecca Rivera,jaclyn76@example.io,2020-04-05,example.io
999,Lindsey Chavez,achapman@outlook.com,2020-01-10,outlook.com
1000,Jennifer Allen,larry34@ukr.net,2022-09-21,ukr.net
1001,Richard Wilcox,brittneyaustin@example.io,2020-02-08,example.io
