user_id,name,email,signup_date
1,Daniel Johnson,sandersjoshua@mailbox.org,2020-01-25 09:10:09
2,Brittany Robles,anngilbert@gmail.com,2020-04-06 02:47:29
3,Teresa Swanson,lewisbrittany@ukr.net,2022-03-21 02:39:05
4,James Nelson,tara75@ukr.net,2022-08-10 02:29:00
5,Jimmy Bell,mauricemoore@yahoo.com,2022-08-24 00:42:18
6,Brian Roberts,cleon@ukr.net,2022-06-13 16:12:45
7,Robert Garcia,daniel00@yahoo.com,2023-11-01 07:51:24
8,Emily Brock,christopher14@yahoo.com,2023-06-13 19:18:57
9,Katie Armstrong,paulknox@ukr.net,2022-09-06 06:35:43
10,Ryan Johnson,benjamin32@ukr.net,2021-05-22 09:52:08
11,Samuel Hughes,jacob48@outlook.com,2020-08-14 01:39:53
12,Rebecca Stevenson,katie25@mailbox.org,2024-04-11 15:43:54
13,Laura Wilson,leerussell@hotmail.com,2022-12-16 02:02:36
14,Michael Nelson,eileendavis@gmail.com,2021-01-26 16:09:02
15,Andrew Chapman DDS,palmergene@example.io,2022-08-09 10:10:39
16,Daniel Durham,edgar19@yahoo.com,2023-05-25 17:28:57
17,Cheryl Espinoza,fernandezkelly@hotmail.com,2020-03-29 07:37:21
18,Elizabeth Castillo,kenneth67@hotmail.com,2022-03-22 05:31:16
19,Sherri Wilson,ashleybell@yahoo.com,2020-11-30 06:14:56
20,Gerald Galvan,victoriagreen@hotmail.com,2023-01-24 01:48:53
21,Nicholas Keller,jonathan11@outlook.com,2021-05-28 19:15:41
22,Christopher Yang,markaguilar@ukr.net,2020-06-12 16:23:10
23,Nicholas Barton,pottsshawn@hotmail.com,2022-02-08 16:33:11
24,Anthony Olsen,lmeyer@gmail.com,2020-09-19 23:54:51
25,Erin Hull,christiedrake@ukr.net,2024-06-05 23:19:03
26,Lisa Adams,beardveronica@gmail.com,2022-11-08 12:36:53
27,Cynthia Kim,smithkenneth@yahoo.com,2021-06-18 19:19:32
28,Brittany Daugherty,lesliebaker@ukr.net,2022-07-18 06:59:27
29,Angela Farmer,ryangay@example.io,2020-04-16 23:22:45
30,Jonathan Vasquez,nichole57@hotmail.com,2021-12-02 07:01:33
31,Richard Steele,fmoore@example.io,2020-04-02 22:44:37
32,Ms. Nancy Berg,pbaker@outlook.com,2020-02-25 10:32:31
33,Shelly Robinson,allison81@mailbox.org,2023-08-10 02:27:40
34,Terri Yates,burtonamanda@mailbox.org,2024-02-22 17:50:06
35,Renee Barr,silvajacqueline@hotmail.com,2024-05-30 17:01:00
36,Dalton Malone,james65@outlook.com,2021-09-16 17:22:25
37,Ashley King,paullawrence@ukr.net,2021-08-07 03:43:03
38,Virginia Jackson,ucamacho@yahoo.com,2021-03-05 03:17:42
39,Haley Lozano,igibson@ukr.net,2022-12-31 14:20:31
40,Christina Drake,levi49@hotmail.com,2023-11-20 11:32:32
41,Robin Powers,johnjones@example.io,2020-10-03 17:50:47
42,Emily Johnson,atate@example.io,2024-02-06 10:41:54
43,Dillon Murphy,murphyjames@ukr.net,2024-04-22 22:46:52
44,Darlene Bennett,roweconnor@ukr.net,2022-07-02 14:34:28
45,Joshua Black,allenkelsey@mailbox.org,2023-04-17 12:04:31
46,Timothy Singh,brianlane@hotmail.com,2024-06-09 06:52:24
47,Lori Curtis,markmarshall@gmail.com,2024-09-01 10:09:08
48,Maria Porter,nbell@outlook.com,2022-03-09 09:57:49
49,Ryan Malone,skinnergary@mailbox.org,2022-12-13 22:36:10
50,Nicholas Torres,rodrigueztara@ukr.net,2020-04-23 21:23:32
51,Maria Wilson,elizabeth03@gmail.com,2021-01-09 10:51:45
52,Cynthia Campbell,rperez@example.io,2022-10-25 10:30:41
53,Edward Murray,johnnyreyes@hotmail.com,2024-01-09 18:38:57
54,Jessica Thompson,mitchell45@mailbox.org,2022-01-08 11:00:09
55,Mark Bowen,robertsoto@ukr.net,2023-04-13 19:17:17
56,Robin Jefferson,leeronald@hotmail.com,2021-03-01 21:52:31
57,Stephanie Wade,willie84@outlook.com,2021-08-12 16:50:06
58,Kim Brown,hmiller@mailbox.org,2020-04-17 11:54:35
59,Kevin Jordan,matthew28@hotmail.com,2021-08-02 01:38:14
60,Jason Guzman,robertmitchell@hotmail.com,2022-02-16 15:26:48
61,Carolyn Kramer,scott73@gmail.com,2021-11-10 09:43:32
62,Brian Pratt,shawmichelle@outlook.com,2021-10-08 22:10:34
63,Heather Williams,jweaver@gmail.com,2022-10-19 17:26:06
64,Stacey Malone,williampatton@example.io,2021-08-04 19:08:10
65,Shawn Craig,benjaminhess@example.io,2020-05-05 23:21:53
66,James Howard,kevin69@yahoo.com,2020-09-29 09:06:33
67,Joseph Horn,meadowsdylan@mailbox.org,2024-04-08 08:16:44
68,Jared Young,thansen@gmail.com,2022-08-12 23:42:07
69,Lynn Alexander,biancaelliott@mailbox.org,2021-05-13 14:04:22
70,Lisa Byrd,monicacruz@example.io,2021-06-16 01:24:13
71,Barbara Fisher,qgutierrez@mailbox.org,2021-09-11 15:04:34
72,Corey Wilson,gary28@ukr.net,2022-07-28 22:03:40
73,Amber Martin,johnathansweeney@example.io,2024-05-15 01:51:28
74,Lisa Norton,baxteramber@ukr.net,2020-06-24 11:32:06
75,Dr. Tina Long DVM,cliffordlee@outlook.com,2020-07-15 23:42:52
76,John Hernandez,tonya59@outlook.com,2021-07-22 19:42:37
77,Katherine Cline,cheyennehardy@ukr.net,2024-06-16 09:06:24
78,Dennis Larson,fmay@gmail.com,2022-02-06 12:32:48
79,Kristen Payne,morenocassandra@outlook.com,2024-05-05 08:49:12
80,Jerry Greene,amy03@yahoo.com,2021-08-08 23:48:43
81,Juan Anthony,camerongriffin@outlook.com,2022-03-29 07:53:46
82,Ronald Butler,johnsondenise@yahoo.com,2021-01-02 09:28:25
83,Casey Martin,matthewsanchez@mailbox.org,2023-11-15 02:39:36
84,Sarah Chan,jeffrey60@outlook.com,2020-09-27 02:48:18
85,Tiffany Anderson,thomascastillo@example.io,2020-01-24 13:50:11
86,Colleen Yates,michaeljimenez@example.io,2024-01-28 02:32:11
87,Maureen Osborn,ibolton@mailbox.org,2024-03-13 15:14:08
88,Bradley Wood,lewismark@gmail.com,2021-04-09 04:57:07
89,Jose Vaughn,kayla93@ukr.net,2022-12-29 18:14:59
90,Frank Abbott,igeorge@mailbox.org,2022-11-30 00:12:33
91,Brenda Clayton,amy18@hotmail.com,2023-01-20 17:33:55
92,Beverly Mendez,ambermacias@example.io,2022-10-30 06:04:54
93,James Wallace,jesseharvey@hotmail.com,2022-12-10 00:26:30
94,Emily Jackson,daniel58@mailbox.org,2021-03-01 04:57:54
95,Scott Lucas,ntaylor@outlook.com,2020-09-20 15:07:58
96,Gregory Howard,brandonrodriguez@example.io,2020-08-18 04:35:30
97,Ryan Johnson,andrew15@example.io,2021-06-15 10:15:37
98,Michele Kline,seth98@example.io,2021-06-30 21:10:11
99,Kayla Lee,kimberly60@mailbox.org,2021-10-15 16:14:33
100,Brian Mccoy,kboyd@mailbox.org,2022-01-08 05:10:27
101,Erin Edwards,jerryalvarado@ukr.net,2022-03-20 19:23:15
102,Thomas Hughes,jamesbryant@yahoo.com,2020-01-24 18:51:04
103,James Patrick,loveseth@yahoo.com,2024-07-13 02:17:50
104,Natalie Morgan,rivasdavid@hotmail.com,2023-09-07 14:30:56
105,Victoria Payne,bhughes@gmail.com,2022-07-15 20:18:06
106,Amy Yates,mollycordova@gmail.com,2021-04-09 06:15:40
107,Lori Jackson,ewhitaker@yahoo.com,2024-03-19 13:03:41
108,Vanessa Thomas,kennethfinley@hotmail.com,2021-12-20 13:52:56
109,Connor Cameron,triciapowell@ukr.net,2022-10-02 15:11:41
110,Ryan Brown,shirleyshaw@example.io,2021-10-31 21:48:21
111,Mark Gomez,stevengarner@outlook.com,2020-08-17 19:57:23
112,Sheri Robinson,robert96@example.io,2022-03-24 11:32:31
113,Alex Cline,henrysydney@example.io,2023-06-23 10:16:03
114,Eric Jackson,davisdouglas@example.io,2023-11-05 23:45:45
115,Michael Long,alexanderreginald@mailbox.org,2023-10-06 12:26:52
116,Kenneth Gutierrez,meyersadam@example.io,2020-11-25 21:29:12
117,Willie Johnson,ernest68@hotmail.com,2021-03-14 10:47:52
118,Linda Bailey,ufoley@yahoo.com,2024-04-05 15:43:52
119,Martha Elliott,grodriguez@hotmail.com,2024-02-19 15:56:21
120,Natasha May,jjones@mailbox.org,2022-12-13 21:14:46
121,Jennifer Lopez,reillycheryl@hotmail.com,2020-01-20 12:32:42
122,Elizabeth Moore,gmitchell@mailbox.org,2021-11-06 12:44:23
123,Dakota Green,ronaldmaldonado@mailbox.org,2024-06-09 21:41:17
124,William Johnson,brianpatel@example.io,2021-07-31 12:11:34
125,Joseph Miller,debra56@hotmail.com,2023-11-28 16:41:46
126,William Lynch,sramsey@hotmail.com,2024-03-24 15:46:08
127,Patrick Palmer,amcgrath@hotmail.com,2021-09-28 02:59:20
128,Mrs. Rachael Rodgers,susan67@hotmail.com,2024-10-21 06:13:41
129,Thomas Ibarra,cabrerasarah@outlook.com,2022-05-09 20:39:27
130,Joseph Bailey,kimberly44@yahoo.com,2024-04-15 02:15:26
131,Benjamin Becker,jfisher@outlook.com,2022-12-19 02:08:26
132,Jamie White,sabrina52@ukr.net,2023-03-17 05:33:20
133,William Davidson Jr.,cathygarrett@ukr.net,2020-06-08 22:05:43
134,Andrea Mcdaniel,ndelgado@gmail.com,2021-05-29 23:32:51
135,Erica Harper,grahammichael@hotmail.com,2023-11-10 03:39:09
136,Stephanie Mays,karentapia@example.io,2024-06-30 08:08:37
137,Danielle Rhodes,mark80@ukr.net,2021-05-08 04:43:21
138,David Yates,lwilson@example.io,2022-04-23 09:06:20
139,Mark Cole,lucasjoshua@gmail.com,2021-05-09 02:04:28
140,Victoria Rivera,jerryjenkins@gmail.com,2022-02-25 23:07:13
141,Heather Evans,cory32@ukr.net,2023-04-29 22:22:45
142,Robert Cole,georgejamie@mailbox.org,2022-11-07 02:23:46
143,Paul Craig,heather26@mailbox.org,2023-02-17 02:44:34
144,Jonathan Flores,lkline@ukr.net,2020-03-17 06:02:53
145,Amanda Jones,tpeters@mailbox.org,2023-03-02 01:08:44
146,Marcus Blake,christopher23@gmail.com,2023-08-08 22:33:57
147,Thomas Dixon,kristin25@mailbox.org,2024-01-10 03:23:12
148,Becky Sanchez,austinmendez@gmail.com,2020-09-16 03:24:34
149,Briana Herrera,millercory@mailbox.org,2022-03-14 09:15:20
150,Kevin Gonzalez,ilynch@hotmail.com,2020-08-22 16:05:14
151,Edward Phillips,tprice@mailbox.org,2021-12-14 17:17:11
152,Mark Smith,keithcallahan@outlook.com,2024-04-11 02:57:15
153,Drew Kirk,darrenrichardson@example.io,2023-07-30 13:11:18
154,Henry Ellis,hmoore@example.io,2022-03-25 18:51:02
155,Christine Conway,julie44@mailbox.org,2022-11-25 20:54:41
156,Marcus Garcia,peterraymond@ukr.net,2024-03-27 19:40:40
157,George Davis,whitneyteresa@gmail.com,2020-03-23 19:38:55
158,Kristine Graham,brandyguerrero@hotmail.com,2021-12-30 03:25:48
159,Brian Macdonald,agonzalez@gmail.com,2022-07-27 13:11:45
160,Anthony Alvarado,stephanieclark@hotmail.com,2021-01-14 05:44:10
161,Jeffrey Woods,daniellewis@example.io,2023-07-13 06:52:24
162,Jennifer Bishop,lstrickland@example.io,2023-05-30 12:42:57
163,Maria Rowland,christinasharp@outlook.com,2021-10-01 02:43:56
164,Mary Taylor,jimenezchristopher@mailbox.org,2021-01-17 02:50:45
165,Cheryl Tran,lewisshelby@gmail.com,2022-10-25 17:56:11
166,Kristen Anderson,renee81@example.io,2022-07-27 10:43:09
167,Stanley Allen,crystal08@ukr.net,2024-01-22 18:44:53
168,Deborah White,turnerlisa@yahoo.com,2022-09-30 01:12:29
169,Margaret Martin,wscott@example.io,2024-09-08 13:45:38
170,Aaron Smith,paula04@yahoo.com,2024-06-21 19:15:01
171,Jonathan Hernandez,brennancrystal@example.io,2023-03-08 14:34:56
172,Anthony Mendoza,joy63@yahoo.com,2021-08-09 12:13:16
173,Charles Hernandez,lindsay43@outlook.com,2023-12-24 20:43:59
174,Derek Thornton,austinvalenzuela@hotmail.com,2022-09-16 07:29:42
175,Ryan Cuevas,tanyamartin@mailbox.org,2020-06-04 13:13:48
176,Courtney Brown,fgarcia@hotmail.com,2021-03-04 21:06:42
177,Jennifer Torres,pamela98@mailbox.org,2024-09-01 19:57:21
178,Shane Harris,emmaanderson@ukr.net,2021-03-25 12:46:08
179,Kimberly Hill,allentristan@hotmail.com,2022-07-24 00:08:40
180,Gary Green,lrobertson@example.io,2023-01-13 02:45:25
181,Willie Ortiz,fanderson@example.io,2021-03-28 08:04:21
182,Cameron Adams,gonzalezdaniel@mailbox.org,2021-10-06 00:05:10
183,Sara Kent,daviskimberly@yahoo.com,2020-10-22 13:11:00
184,Steven Washington,pattersonmonica@hotmail.com,2021-08-02 12:39:36
185,David Anderson,kevinwest@gmail.com,2021-03-06 17:14:35
186,Brian Willis,gonzalezrobert@mailbox.org,2023-07-02 06:25:17
187,Charles Garcia,gateskimberly@yahoo.com,2023-09-04 10:49:20
188,David Green,burnsbrandon@mailbox.org,2024-10-21 16:48:50
189,Eric Anderson,vegatodd@outlook.com,2022-08-27 01:30:55
190,Alexander Davis,emma01@mailbox.org,2021-12-28 05:38:03
191,Mark David,klee@outlook.com,2020-09-26 02:47:40
192,Alan Barnes,orichmond@example.io,2024-01-17 14:49:17
193,Haley Navarro,teresa26@hotmail.com,2022-06-24 14:22:46
194,William Brock,jacobthomas@example.io,2023-06-24 09:39:29
195,Robert Kerr,gward@example.io,2023-07-04 08:54:57
196,Anthony Mckinney,marcuscobb@outlook.com,2021-10-07 15:20:17
197,Gary Schmidt,xreed@mailbox.org,2021-02-03 14:27:02
198,Julia Brown,nicole06@hotmail.com,2021-02-05 13:03:35
199,Sarah Anthony,donna27@example.io,2021-10-09 06:02:16
200,Sean Rodriguez,jasonbrown@example.io,2023-09-17 03:33:00
201,Misty Abbott,christinewarner@hotmail.com,2024-07-18 07:06:36
202,Gary Wagner,cindy29@yahoo.com,2023-09-14 17:32:27
203,Kevin Jordan II,nbrown@hotmail.com,2022-03-15 20:04:18
204,Joseph Lyons,herbertpratt@gmail.com,2022-10-04 18:41:45
205,Crystal Medina MD,andrewturner@gmail.com,2022-05-09 06:57:47
206,William Wilson,victoria08@gmail.com,2020-07-05 05:32:05
207,Miss Kristen Jones,rachelsantiago@mailbox.org,2023-11-09 00:41:25
208,Miguel Weber,jcolon@ukr.net,2020-01-28 01:19:56
209,Cindy Gonzalez,carolynfrank@mailbox.org,2022-05-05 08:56:41
210,John Mills,robinsonheather@hotmail.com,2020-12-17 13:26:38
211,Laura Clay,tiffany38@gmail.com,2024-08-25 19:31:38
212,John Smith,adam74@ukr.net,2021-02-02 15:45:39
213,Amanda Espinoza,melaniedixon@ukr.net,2024-01-27 04:02:36
214,Craig Morgan,shannon36@mailbox.org,2023-10-27 21:43:32
215,Jacqueline Reese,morganmatthew@hotmail.com,2021-02-01 09:30:19
216,Brandy Hanson,sethgood@hotmail.com,2021-06-26 23:22:59
217,Evan Richardson,mnelson@yahoo.com,2022-10-01 23:47:07
218,David Hansen,stephaniemaddox@hotmail.com,2024-06-01 19:45:32
219,Maria Clark,warren72@yahoo.com,2024-10-10 14:03:08
220,Sally Alvarez,pjohnson@hotmail.com,2024-03-08 19:11:37
221,Erin Sandoval,cooperkristin@mailbox.org,2022-04-29 20:16:37
222,Sherri Fox,vanessa52@hotmail.com,2022-01-30 17:53:23
223,Anthony Stone,hmiller@ukr.net,2020-04-13 09:18:55
224,Loretta Smith,william26@outlook.com,2020-02-18 00:59:37
225,Anna Preston,williamsheather@ukr.net,2022-07-07 09:07:43
226,Denise Li DVM,april83@outlook.com,2020-02-10 18:52:19
227,Sharon Eaton,lisaclark@ukr.net,2021-10-02 23:30:22
228,Melanie Lewis,xfuentes@outlook.com,2022-09-27 18:16:50
229,Kyle Reyes,wmarshall@outlook.com,2024-03-15 17:25:04
230,Jonathan Moore,dianapetersen@example.io,2020-05-13 02:40:32
231,Brent Webb,michellelarson@gmail.com,2024-06-29 07:37:35
232,Angela Martinez,benglish@ukr.net,2020-12-24 13:18:26
233,Curtis Roth,vmoore@gmail.com,2020-05-20 02:06:51
234,John Mueller,barbara50@ukr.net,2023-10-24 02:03:49
235,Patty Watkins,zavila@gmail.com,2021-09-04 18:44:57
236,Brandy Robinson,itrevino@example.io,2023-05-23 15:58:58
237,Billy Knight,seth21@example.io,2021-01-23 19:30:36
238,Karen Caldwell,amanda94@example.io,2024-10-16 13:01:12
239,Joshua Hicks DDS,catherine95@hotmail.com,2021-11-28 17:07:18
240,Maria Owens,grantbrian@outlook.com,2021-12-13 15:01:51
241,Stephanie Brown,mccallryan@mailbox.org,2024-01-31 16:44:12
242,Melissa Clark,cliffordbush@outlook.com,2020-04-16 14:55:01
243,Richard Perry,brooksdaniel@ukr.net,2022-01-15 00:04:53
244,Ethan Lopez,andreascott@ukr.net,2021-04-15 21:59:48
245,Carly Elliott,martinkristin@gmail.com,2024-02-25 21:20:26
246,Bryan Bell,ibaxter@hotmail.com,2022-10-10 03:00:48
247,Brendan Jacobs,heather84@gmail.com,2020-08-11 17:13:42
248,Denise Hill,perezkevin@mailbox.org,2023-06-12 23:30:53
249,Andrew Goodman,bishoptammy@example.io,2022-11-05 11:23:32
250,Craig Reed,tammieturner@hotmail.com,2022-03-16 15:32:58
251,John Stephens,cookyvette@mailbox.org,2020-09-04 05:49:59
252,Terry Coleman,myersdaniel@mailbox.org,2023-11-21 02:14:50
253,Ashley Novak,christopherkramer@yahoo.com,2021-12-24 04:38:58
254,Douglas Brown,tcollins@mailbox.org,2023-05-22 16:21:31
255,Sylvia Colon,dgreen@outlook.com,2023-07-30 16:42:19
256,Russell Silva,ortegamelissa@gmail.com,2023-06-03 22:23:41
257,Cameron Lewis,edwardsjohn@mailbox.org,2022-06-12 23:50:06
258,Timothy Turner,perezrachel@hotmail.com,2024-09-23 16:29:23
259,Taylor Walker,oodom@mailbox.org,2021-04-30 03:46:19
260,Matthew Simon,angelapatterson@outlook.com,2024-05-24 05:44:55
261,Megan Gomez,wwest@mailbox.org,2021-12-11 08:18:54
262,Adam Lopez,danielmiller@outlook.com,2021-10-09 21:08:42
263,Vincent Thomas,owolfe@yahoo.com,2021-06-24 19:07:42
264,Brittney Brandt,emily80@yahoo.com,2022-02-04 17:58:53
265,Kristen Nicholson,whitelance@ukr.net,2021-08-01 10:11:58
266,Bill Jones,jamessuarez@mailbox.org,2020-12-21 15:52:05
267,Brandy Hernandez,angela35@yahoo.com,2024-06-23 14:42:59
268,Daisy Gentry,grahambrittney@gmail.com,2022-02-13 05:22:18
269,Dawn Benton,perezdestiny@gmail.com,2022-12-28 22:25:39
270,Thomas Hodges,adrianahammond@hotmail.com,2022-12-10 10:05:55
271,Arthur Clarke,grichardson@ukr.net,2022-12-28 01:53:13
272,Seth Avila,jmurphy@gmail.com,2023-01-18 05:41:40
273,Dennis Shaw,emorton@gmail.com,2023-08-12 17:20:24
274,Ashlee Bell,randy16@gmail.com,2020-12-20 10:01:50
275,Edward Young,fespinoza@gmail.com,2022-09-24 05:00:06
276,Eric Green,veronicaowens@hotmail.com,2023-09-01 12:35:07
277,Tiffany Lopez,rhernandez@example.io,2024-09-15 22:17:00
278,Robin Fowler,wileybrittany@mailbox.org,2021-06-20 12:53:42
279,Matthew Rosario,nshelton@yahoo.com,2020-02-06 12:04:50
280,Crystal Ruiz,brownlisa@yahoo.com,2021-09-21 17:07:51
281,Jennifer Wolfe,keith53@mailbox.org,2021-09-12 15:29:33
282,Monica Tucker,alexanderstephens@hotmail.com,2021-05-07 21:14:50
283,Jacob Rivera,wyatt96@outlook.com,2023-01-01 02:44:22
284,David Greene,jamesdavenport@mailbox.org,2022-05-15 10:24:25
285,Hannah Moody,xwilson@outlook.com,2023-01-17 18:56:59
286,Allen Morrow,amyblackburn@hotmail.com,2023-08-27 16:03:20
287,Jonathan Morris,nicolefleming@hotmail.com,2020-07-22 15:26:38
288,Kevin Mcgee,valdezjustin@ukr.net,2023-08-22 10:59:26
289,Richard French,lisalara@gmail.com,2021-03-21 22:50:46
290,Linda Hill,qnguyen@outlook.com,2022-06-10 11:40:10
291,Stacey Townsend,nathanwoods@ukr.net,2020-10-25 14:36:43
292,Alisha Cain,laura54@yahoo.com,2023-04-10 08:32:08
293,Paul Roberts,ryan26@hotmail.com,2023-03-15 19:41:24
294,Mr. Cody Ramirez,bperkins@hotmail.com,2023-11-09 12:03:54
295,Kelsey Winters,dweaver@gmail.com,2024-04-13 05:11:02
296,Katherine Welch,kellyheather@yahoo.com,2022-12-16 02:56:19
297,April Morgan,qjensen@mailbox.org,2023-10-31 08:20:29
298,Donna Gonzales,paynepaul@gmail.com,2022-09-28 02:46:54
299,Robert Black,feliciakeith@example.io,2020-09-23 02:45:24
300,Haley Green,bethany57@mailbox.org,2024-02-18 20:00:28
301,Raymond Sloan,hthompson@mailbox.org,2024-03-31 13:54:49
302,Steve Hensley,reevescheryl@yahoo.com,2022-07-04 23:34:24
303,Joshua Alexander,claytonkatrina@ukr.net,2024-03-14 16:15:20
304,Penny Garner,andrewchavez@mailbox.org,2022-06-21 01:06:53
305,Andrew Logan,gregorycohen@gmail.com,2022-04-20 10:00:56
306,Jennifer Mills,warrensara@outlook.com,2021-08-21 04:50:30
307,David Butler,kyle39@example.io,2024-01-18 11:50:05
308,Jennifer Davila,ryandouglas@example.io,2023-10-28 04:26:11
309,Charles Huerta,angelagonzalez@outlook.com,2021-06-16 15:09:10
310,Rebecca Fisher,ortizsharon@ukr.net,2022-03-16 17:25:39
311,Kimberly Ramirez,ymclaughlin@gmail.com,2022-09-26 08:17:08
312,Natalie Wilkerson,rholt@example.io,2020-06-20 01:44:43
313,Amanda Woods DVM,burkejulie@example.io,2024-04-22 17:43:28
314,Kelly Johnson,bethany31@gmail.com,2024-05-02 21:50:21
315,Gregory Cordova,james87@outlook.com,2022-01-07 00:13:40
316,Jennifer Stevens,amy73@yahoo.com,2021-10-24 19:16:05
317,Carolyn Williamson,donaldgibson@hotmail.com,2022-10-06 09:03:29
318,Jonathan Evans,yjordan@yahoo.com,2023-09-09 01:09:27
319,Cassandra Zuniga,cbutler@outlook.com,2021-08-22 10:03:19
320,Alexandria Mccullough,kwright@hotmail.com,2021-07-12 12:07:21
321,Stephen Ramirez,michaelgordon@mailbox.org,2020-01-08 00:46:28
322,James Pham,hwatkins@ukr.net,2021-12-08 23:15:43
323,Kevin Sharp,daniel55@gmail.com,2020-07-09 11:16:50
324,April Schmidt,russell24@mailbox.org,2021-10-08 04:09:42
325,Kayla Freeman,fmiller@example.io,2024-07-05 03:39:19
326,Christy Bonilla,campbellwanda@mailbox.org,2024-05-12 15:11:21
327,Mary Keller,uwalker@example.io,2021-02-01 19:36:39
328,Joshua Garcia,gary23@example.io,2022-06-18 03:39:17
329,Randy Hart,dawn70@yahoo.com,2020-09-22 03:03:28
330,Alicia Johnson,jennifer31@ukr.net,2024-01-05 07:43:07
331,Sara Warner,ibarrajames@gmail.com,2021-05-06 18:06:18
332,Matthew Tucker,emily29@example.io,2020-09-01 05:00:52
333,Heather Patterson,hinesjeremy@mailbox.org,2023-01-25 20:52:49
334,Daniel Fitzgerald,joshua38@ukr.net,2023-01-02 08:39:28
335,Mark Medina Jr.,ascott@yahoo.com,2021-05-08 11:45:07
336,Cindy Alvarado,robert37@gmail.com,2022-09-10 02:44:15
337,Chad Jones,vwright@yahoo.com,2021-12-15 02:51:37
338,Teresa Miller,stacybrown@ukr.net,2023-04-01 17:15:54
339,Harry Jackson,sandra62@hotmail.com,2021-01-20 17:27:08
340,Pamela Carson,donald93@yahoo.com,2023-02-24 15:57:43
341,Lisa Clark,icline@ukr.net,2022-09-29 07:46:36
342,Christopher Martinez,santosdiane@outlook.com,2023-12-18 08:17:43
343,Kayla Jensen,guzmanrobin@ukr.net,2023-09-16 20:13:12
344,Benjamin Evans,david42@hotmail.com,2021-04-23 10:06:51
345,James Ramirez,leahbaldwin@outlook.com,2021-06-25 03:28:48
346,Tina Charles,edavenport@outlook.com,2022-02-21 14:45:58
347,Caleb Garcia,robert82@gmail.com,2021-03-05 01:04:02
348,Suzanne Williams,mejiamelinda@yahoo.com,2024-01-24 16:52:00
349,Valerie Sanders,stephanie83@hotmail.com,2020-06-18 12:16:48
350,Marcus White,craig90@hotmail.com,2023-09-26 07:36:23
351,Thomas Farmer,markjohnson@outlook.com,2023-07-10 06:29:30
352,William Cunningham,carolyn72@outlook.com,2023-11-06 16:47:40
353,Nicholas Young,schmidtmarcus@gmail.com,2024-06-25 20:34:45
354,Angela Peters,etorres@ukr.net,2022-06-06 23:18:15
355,Caitlin Smith,robertschmidt@ukr.net,2020-11-20 19:00:32
356,Rodney Miller,dbarker@outlook.com,2024-04-30 07:19:49
357,Mary Cole,dayjennifer@mailbox.org,2023-11-17 04:12:32
358,Peter Frank,vincentmiddleton@gmail.com,2021-05-26 02:08:05
359,Brian Hernandez,camposchristopher@outlook.com,2023-05-20 00:31:58
360,Joseph Gonzalez,bishopchristopher@hotmail.com,2021-06-16 01:12:05
361,Erik Webb,tsalinas@outlook.com,2020-02-22 17:51:25
362,Madison Brown,hmarquez@outlook.com,2023-08-05 21:19:16
363,Michael Perez,cobbmark@hotmail.com,2023-12-11 01:08:35
364,Patricia Greer,robinwalker@mailbox.org,2021-04-18 22:24:25
365,Derek Parrish,patricia77@ukr.net,2022-10-10 14:54:40
366,Stephen Hill,aaronfletcher@mailbox.org,2020-09-11 17:03:13
367,Scott Haas,andersoncaitlin@outlook.com,2020-12-01 09:15:36
368,Christopher Vega,whitegregory@gmail.com,2021-09-19 05:39:51
369,Joshua Johnson,anthony73@gmail.com,2021-07-26 12:15:15
370,Charles Lowe,patricialin@example.io,2020-07-01 11:19:12
371,Mr. Marcus Osborn,stoneshawn@hotmail.com,2021-03-14 00:39:23
372,Michael Nelson,lewissandra@ukr.net,2020-01-31 02:27:59
373,Jay Herrera,ingramkristen@example.io,2020-05-17 17:23:41
374,Dalton Martinez,laurale@ukr.net,2021-05-30 17:55:25
375,Amanda James,gcallahan@yahoo.com,2024-01-22 14:08:56
376,Anthony Kim,brentnichols@ukr.net,2021-07-18 23:18:25
377,Rebecca Hall,vellison@outlook.com,2021-06-11 09:49:14
378,Madeline Edwards,christina64@hotmail.com,2020-04-24 09:12:13
379,Andrew Carroll,zmccullough@mailbox.org,2022-03-24 20:22:44
380,Natalie Brown,welchjames@yahoo.com,2022-08-09 17:02:06
381,Stacey Hodges,bruce87@gmail.com,2023-10-30 21:29:23
382,Victoria Johnson,nicole54@yahoo.com,2022-07-20 22:30:50
383,Jennifer Downs,brownjulia@ukr.net,2023-11-03 21:05:35
384,Brandon Bowen,brownmaria@mailbox.org,2024-06-20 00:13:11
385,Jay Guerrero,audrey52@yahoo.com,2024-05-20 15:57:48
386,Dakota Houston,deanna86@mailbox.org,2022-06-14 23:59:40
387,Abigail Burton,hartsteven@yahoo.com,2022-02-07 16:28:03
388,Sarah Morales,mfreeman@gmail.com,2024-09-09 11:40:47
389,Melissa Macdonald,buchananbrittney@mailbox.org,2022-08-17 02:24:50
390,Brittany Young,jessicaperez@outlook.com,2021-02-03 15:30:31
391,Theresa Mcknight,masonbryan@ukr.net,2021-06-24 05:25:00
392,Gary Ibarra,butlerrobyn@yahoo.com,2020-05-22 10:20:06
393,Jerry Johnston,iclark@example.io,2022-03-06 22:50:38
394,Nathan Morris,billymonroe@yahoo.com,2020-09-23 06:56:51
395,Chris Robertson,cmiller@hotmail.com,2021-06-04 16:12:24
396,Mary Williams,mallorymoore@example.io,2024-05-11 12:20:06
397,Jean Harrington,erikaball@gmail.com,2024-05-25 11:28:24
398,Donald Mcdonald,rileygina@gmail.com,2021-11-01 20:11:03
399,Joy Patrick,jerry52@mailbox.org,2020-11-15 01:11:43
400,Kelsey Young,dawnmonroe@hotmail.com,2022-10-29 02:33:22
401,George Stokes,greendaniel@yahoo.com,2021-05-28 12:58:53
402,Paul Parks,cjones@mailbox.org,2023-08-22 05:41:29
403,Diane Flores,vaughnshawn@yahoo.com,2020-07-30 03:46:06
404,Mary Santiago,bellnancy@mailbox.org,2020-03-22 08:51:18
405,William Arnold,parkjacob@outlook.com,2021-06-02 13:05:49
406,Jasmine Foster,ashleyconley@example.io,2024-08-25 13:06:40
407,Wendy Mitchell,justinholloway@gmail.com,2023-10-01 20:48:09
408,Mr. Robert Edwards MD,mary50@outlook.com,2024-09-03 23:42:50
409,Erica Thomas,catherine77@mailbox.org,2023-10-26 04:09:19
410,Danielle Miller,vernon41@hotmail.com,2020-02-08 06:42:33
411,Amanda Combs,richardweiss@mailbox.org,2021-01-01 00:59:02
412,Roger Hopkins,benjamin08@gmail.com,2023-10-26 02:00:57
413,Brian Turner,masondiana@hotmail.com,2020-05-29 05:00:52
414,Zachary Reyes,wquinn@example.io,2021-12-25 12:59:15
415,Diane Kennedy,laura67@mailbox.org,2023-11-22 19:53:58
416,Charles Smith,aliciasmith@gmail.com,2023-12-16 21:10:08
417,Lori Conley,isabelladominguez@hotmail.com,2023-12-27 23:08:22
418,Ethan Smith,daltonrandy@gmail.com,2023-10-05 18:43:25
419,John Williams,blackburnhunter@outlook.com,2022-03-19 21:31:29
420,Ryan Nash,jordantoni@outlook.com,2021-08-05 00:13:19
421,John Collins,hjohnson@ukr.net,2023-03-31 04:23:16
422,Charlotte Gould,claytonbrian@example.io,2022-01-21 09:13:13
423,Duane Aguilar,todd01@yahoo.com,2021-10-13 06:28:46
424,Whitney Long,mollytorres@hotmail.com,2023-10-03 12:01:45
425,Jeffery Hodges,lindseyperez@gmail.com,2023-05-27 09:41:56
426,Micheal Sandoval,john56@gmail.com,2021-10-10 00:51:16
427,Toni Wood,collinslisa@yahoo.com,2021-03-16 15:35:46
428,Margaret Willis,kevinbaker@example.io,2021-03-30 14:37:39
429,Ann Greene,juanhall@gmail.com,2023-01-06 14:36:50
430,Danielle Sparks,ariel40@example.io,2022-12-08 01:16:30
431,Matthew Rodriguez,msalinas@yahoo.com,2020-07-05 12:24:44
432,Carl Mullins,ksmith@yahoo.com,2022-08-10 08:53:47
433,Amy Ellis,gilmorechristopher@mailbox.org,2023-12-30 17:42:38
434,Gwendolyn Lopez,amandacampbell@example.io,2023-07-08 06:10:54
435,Charles Griffith,jennifervillarreal@mailbox.org,2022-10-29 13:02:49
436,Kyle Horne DDS,sarahsmall@outlook.com,2020-05-28 13:05:33
437,April Thomas,sherrywilliams@example.io,2021-10-20 21:29:47
438,Angel Hobbs,camerontimothy@hotmail.com,2020-03-15 14:20:48
439,Timothy Chavez,hoffmantara@gmail.com,2020-03-11 18:31:39
440,Elizabeth Larson,thall@mailbox.org,2024-06-08 01:16:25
441,Thomas Craig,kevinroth@mailbox.org,2024-06-05 00:40:24
442,Olivia Moore,joycekelly@yahoo.com,2022-11-17 18:53:32
443,Lindsey Bender,bvalencia@yahoo.com,2023-09-11 00:14:35
444,Paula Williams,elizabethanderson@yahoo.com,2021-01-08 13:05:57
445,Michael Woods,jeffrey93@gmail.com,2022-01-15 23:18:07
446,Kimberly Hunt,cowen@hotmail.com,2022-12-18 04:19:48
447,Amy Jackson,wileynicole@yahoo.com,2024-07-21 18:57:56
448,Edward Miles,nwright@ukr.net,2023-01-28 21:19:45
449,Jill White,deborahbenson@ukr.net,2021-08-16 17:34:54
450,Amy Thompson,pking@hotmail.com,2022-03-07 08:50:47
451,Stanley Lee,allison63@example.io,2023-12-09 01:08:43
452,Gloria Avila,michelledavidson@hotmail.com,2020-02-23 03:47:38
453,Stephanie Osborne,murphyspencer@mailbox.org,2023-03-06 00:42:20
454,Monica Jacobson,ashleywagner@example.io,2020-03-14 16:32:14
455,Katie Morgan,wcastillo@mailbox.org,2021-12-02 11:23:23
456,Heidi Wilson,mitchellmichael@ukr.net,2023-03-11 12:03:25
457,Donald Peck,barbara19@hotmail.com,2023-02-16 12:40:19
458,Richard Salazar,djohnson@example.io,2024-02-18 21:53:00
459,Dustin Morris,kellyfowler@yahoo.com,2024-04-12 03:57:49
460,Amanda Wolfe,jamesmartinez@hotmail.com,2021-01-22 16:25:52
461,Mrs. Cassandra Cox,william93@yahoo.com,2022-05-25 02:57:42
462,James Brown,jennamueller@yahoo.com,2020-02-02 22:37:46
463,Joel Gibson,elizabeth86@mailbox.org,2022-12-05 12:41:27
464,Deanna Wilson,henry54@hotmail.com,2024-08-08 21:09:12
465,Gerald Holder,kimberlydixon@yahoo.com,2022-03-11 20:54:28
466,Miguel Garcia,rebeccahansen@outlook.com,2020-06-05 16:44:47
467,Michaela Willis,kenneth34@example.io,2021-09-05 15:29:20
468,Shawn Williams,david05@yahoo.com,2023-09-09 22:42:34
469,Heidi Stafford,ohernandez@gmail.com,2022-01-14 03:28:36
470,Jodi Gibson,beckdanielle@mailbox.org,2024-02-17 18:41:51
471,Shaun Allen,reginald80@mailbox.org,2023-03-30 22:11:08
472,Trevor Wilkins,corey91@mailbox.org,2020-03-07 13:45:33
473,Grace Clark,michellecampbell@mailbox.org,2020-10-10 12:49:54
474,Jill Dyer,tdickerson@mailbox.org,2022-12-03 19:33:02
475,Elizabeth Barker,jensenmaria@gmail.com,2023-09-07 17:25:24
476,Cassandra Anderson,joannepayne@hotmail.com,2023-04-12 10:00:19
477,Kristina Bradley,maria19@example.io,2024-10-08 00:16:18
478,Jennifer Arnold,joanncarey@gmail.com,2024-05-23 18:37:11
479,Alexander Torres,morrisjacqueline@mailbox.org,2021-06-29 12:55:24
480,Joseph Sullivan Jr.,nford@mailbox.org,2024-10-02 13:57:35
481,Jacqueline Vance,taylordaniel@yahoo.com,2021-11-27 17:52:28
482,Caitlin Walsh,lawsonrobert@hotmail.com,2023-08-08 15:53:33
483,Nicole Bradley,deborahsmith@yahoo.com,2024-02-08 17:42:08
484,Scott Harris,shannon11@yahoo.com,2024-09-18 19:02:07
485,Elizabeth Nichols,oliviaallen@yahoo.com,2023-05-03 21:51:04
486,Kenneth Anderson,daniellelynch@example.io,2020-08-27 16:58:20
487,Monica Griffin,tjohnson@gmail.com,2022-06-13 08:01:04
488,Christine Olson,rcastro@outlook.com,2021-05-09 14:18:35
489,Keith Saunders,valenciajonathan@example.io,2024-02-10 08:41:00
490,Reginald Avila,williamscourtney@gmail.com,2021-09-04 21:45:49
491,Michael Oconnor,kentmichael@mailbox.org,2021-05-09 07:35:13
492,Rachel Jones,andrew40@mailbox.org,2023-04-14 07:22:31
493,Dr. Cindy Ward,rmartin@yahoo.com,2020-02-27 14:16:57
494,Monica Shaw,jacob14@mailbox.org,2021-12-25 23:57:45
495,Timothy Wilson,greeneeric@gmail.com,2020-07-27 04:55:46
496,Christopher Campbell,carolynmyers@example.io,2022-01-24 01:01:20
497,Matthew David,nmitchell@ukr.net,2021-10-21 02:46:46
498,Brooke Meyer,petergarza@example.io,2024-06-03 14:56:12
499,Natasha Cooke,odougherty@ukr.net,2022-03-08 21:49:06
500,Robert Drake,gina21@hotmail.com,2024-07-18 14:11:56
501,Morgan Lewis,dolson@gmail.com,2023-09-04 09:42:19
502,John Lawrence,justinhammond@gmail.com,2020-11-17 03:39:50
503,Michael Arnold,swalsh@outlook.com,2021-06-25 09:56:20
504,Laura Sims,katie12@ukr.net,2022-05-12 19:56:44
505,Heather Walker,dcunningham@gmail.com,2022-09-12 06:07:16
506,Antonio Brown,cortezdonna@mailbox.org,2023-11-06 12:33:03
507,Mrs. Kimberly White,pwise@outlook.com,2021-07-17 06:25:14
508,Amanda Hall,joansalazar@outlook.com,2023-07-27 22:43:52
509,Charles Ortiz,vclark@gmail.com,2021-12-02 08:55:14
510,Alexandra Bowman,marquezstephanie@gmail.com,2022-10-25 15:14:57
511,Evan Hernandez,courtneymiller@example.io,2023-01-22 12:34:29
512,Joseph Cabrera,veronicaholder@mailbox.org,2024-07-20 16:33:25
513,Gabriela Cole,joshua79@outlook.com,2023-06-29 12:32:00
514,Kelly Gibson,peggy99@yahoo.com,2022-06-06 05:32:43
515,Thomas Stewart,andreaalexander@mailbox.org,2022-05-13 18:35:26
516,Cathy Gallagher,gonzaleznichole@ukr.net,2024-04-24 09:49:37
517,Trevor Nixon,ntaylor@example.io,2020-10-01 02:56:00
518,Samantha Hicks,taylorgraves@yahoo.com,2024-02-05 10:13:07
519,Lynn Wright,qbennett@example.io,2024-02-04 16:37:44
520,Ashley Bradley,hoffmanjames@example.io,2024-04-14 06:29:09
521,Allison Schneider,lauren97@mailbox.org,2020-08-30 11:14:44
522,Michael Schroeder,deannaclements@hotmail.com,2023-05-05 04:48:09
523,Caitlin Murray,fordrebecca@outlook.com,2022-07-07 19:10:11
524,Todd Hughes,fking@hotmail.com,2021-12-03 05:03:06
525,Megan Thompson,dannywhite@hotmail.com,2024-04-13 13:10:20
526,Jonathan Salas,jenniferjohnson@gmail.com,2021-09-15 21:58:38
527,Kristen Estrada,jackmendoza@yahoo.com,2024-10-10 15:38:43
528,Wendy Gill,dustin95@yahoo.com,2024-05-13 17:43:25
529,Kathryn Berger,swatts@yahoo.com,2024-05-27 05:04:45
530,Robert Lawrence,jeffrey45@mailbox.org,2023-10-15 13:02:57
531,Megan Meyers,tina66@hotmail.com,2020-03-15 03:17:06
532,Matthew Costa,kendrawells@hotmail.com,2024-02-21 04:41:58
533,Rhonda Mora,wporter@gmail.com,2024-04-11 09:31:20
534,Gabriel Sloan,markrichards@yahoo.com,2021-04-01 12:01:36
535,Joshua Baker,hjohnston@example.io,2020-11-16 14:18:07
536,Nicholas Gibbs,kevincastro@outlook.com,2020-03-24 15:12:42
537,Meghan Cordova,kristen75@example.io,2021-03-14 18:23:56
538,Alicia Stout,druiz@gmail.com,2023-08-10 12:14:27
539,Timothy Lopez,willie50@mailbox.org,2024-03-14 02:27:05
540,Amber Sutton,austinsoto@example.io,2023-08-30 11:41:23
541,Robert Reid,riveranicholas@hotmail.com,2022-12-22 08:33:14
542,Mrs. Bianca Turner,richjennifer@yahoo.com,2021-12-08 22:13:59
543,Elizabeth Gray,justintorres@example.io,2021-09-29 01:18:15
544,Matthew Waters,conradcameron@hotmail.com,2020-08-02 23:34:16
545,Jeffrey Flowers,laura24@outlook.com,2021-11-17 12:12:50
546,Joseph Mcgrath,ortegakathleen@ukr.net,2021-10-26 14:02:51
547,Jessica Ward,troy86@mailbox.org,2022-07-30 05:44:57
548,Curtis Smith,rachelprice@ukr.net,2022-08-14 21:14:24
549,Anthony Bennett,mitchellgreg@gmail.com,2022-09-14 22:59:13
550,Margaret Greene,jwatts@example.io,2020-04-21 21:17:29
551,Mrs. Sara Morrison,kerryhaley@yahoo.com,2023-07-08 08:08:09
552,James Wright,thomas18@hotmail.com,2022-09-11 03:54:27
553,Jeffrey Velazquez,donna37@ukr.net,2020-09-12 17:36:35
554,Kaitlin Huffman,sandovalmelissa@example.io,2021-05-05 10:46:59
555,Vanessa Pruitt,candiceboyd@yahoo.com,2023-02-25 04:25:03
556,Cole Gregory,whouston@yahoo.com,2023-04-12 22:41:40
557,Crystal Berger,redwards@hotmail.com,2022-01-10 08:48:15
558,Laura Russell,maxwelch@hotmail.com,2023-03-30 01:28:26
559,Jennifer Reed,timothymoreno@outlook.com,2023-09-04 17:04:49
560,Norma Mann,cjohnson@outlook.com,2020-04-09 21:19:33
561,Alexis Young,donald44@hotmail.com,2023-03-27 10:29:48
562,Gary Matthews,mrodriguez@yahoo.com,2023-07-20 05:01:38
563,Alyssa Thompson,jhendricks@example.io,2024-09-26 17:32:21
564,Cynthia Hansen,robinsonthomas@hotmail.com,2020-04-10 05:09:10
565,Jonathan Hurley,meganhinton@example.io,2021-09-16 02:28:27
566,Deborah Stewart,normanjennifer@gmail.com,2021-11-14 09:58:21
567,Jackson Wilson,kathleenmendoza@hotmail.com,2023-10-13 09:12:37
568,Christopher Shaw,michael87@yahoo.com,2023-03-18 09:03:06
569,Alyssa Wells,gregorybrandi@gmail.com,2020-11-28 04:02:03
570,William Flores,debra26@example.io,2022-04-18 01:49:04
571,Mary Flores,adam24@example.io,2021-07-17 08:55:36
572,Lucas James,daniel03@yahoo.com,2022-06-05 21:09:46
573,Jeffrey Erickson,allenrichard@yahoo.com,2020-10-06 21:25:14
574,Corey Phillips,scottmichael@ukr.net,2021-01-09 18:49:24
575,Amber Shields,znolan@outlook.com,2022-06-18 17:19:45
576,Jeffrey Harris,egreen@outlook.com,2020-10-10 12:11:01
577,Adrian Pierce,wilsonfelicia@mailbox.org,2023-05-23 08:09:37
578,Damon Rivers,othompson@hotmail.com,2022-11-30 21:14:00
579,Tracey Wyatt,wendyball@hotmail.com,2024-02-06 03:18:15
580,Brandon Bullock,hillcraig@yahoo.com,2020-07-19 20:20:20
581,Charles Wilson,showard@gmail.com,2024-05-25 21:47:29
582,Brittany Walker,wanderson@gmail.com,2024-08-24 22:38:45
583,Heidi James,seangarcia@yahoo.com,2023-08-09 11:04:41
584,James Stewart,ryankatherine@yahoo.com,2022-08-15 23:45:13
585,Andrew Newton,harrisonwilliam@ukr.net,2024-06-19 11:14:46
586,David Cooper,zespinoza@mailbox.org,2022-01-02 17:14:09
587,Ethan Kirk,blarsen@example.io,2022-06-16 08:07:54
588,Matthew Brown,olsonemily@mailbox.org,2024-08-11 18:16:22
589,Allen Reyes,mark05@gmail.com,2023-10-31 01:35:01
590,Donald Williams,ryan01@gmail.com,2021-01-29 03:22:14
591,Michael Stewart,jdavis@ukr.net,2023-10-19 21:33:46
592,Katherine Pena,wilsonchristopher@mailbox.org,2021-02-18 22:58:10
593,Douglas Leblanc,sara30@yahoo.com,2021-08-28 19:18:14
594,Kimberly Aguilar,abates@yahoo.com,2024-04-22 14:11:32
595,Patricia Smith,pthomas@mailbox.org,2021-11-21 11:58:32
596,William Peters,ghunt@gmail.com,2022-01-26 00:21:39
597,Angela Madden,davidsonbarbara@example.io,2022-12-27 04:39:03
598,Felicia Garcia,cassidy52@yahoo.com,2022-11-03 22:05:38
599,Lynn Wu,richardgomez@gmail.com,2022-10-05 16:53:33
600,Jennifer Williams,beanbrittany@outlook.com,2022-12-25 14:13:07
601,Nicholas Palmer,kimberly48@yahoo.com,2020-12-26 04:12:18
602,Tonya Thomas,christina52@gmail.com,2021-06-05 16:29:36
603,Aaron Sims,richard07@ukr.net,2022-12-23 20:24:07
604,Veronica Hill,riveraphyllis@gmail.com,2023-04-23 23:46:48
605,Chelsea Miller,ijohnson@outlook.com,2023-11-12 22:10:54
606,Marvin Weaver,nicholas57@example.io,2020-10-21 08:26:14
607,Diana Williams,justin69@hotmail.com,2023-03-26 13:14:34
608,Grant Smith,sharonwolfe@mailbox.org,2024-09-16 22:41:39
609,Brenda Hall,juliagarrett@hotmail.com,2020-11-11 11:26:03
610,Kathy Williams,wadesarah@mailbox.org,2021-10-11 16:03:12
611,Rachel Phillips,robert91@outlook.com,2020-06-30 09:32:04
612,Joshua Knight,qgordon@hotmail.com,2021-02-10 22:26:30
613,Carlos Hebert,christopherwaller@example.io,2020-03-04 11:15:06
614,Martin Taylor,nicholas14@example.io,2022-06-09 15:21:10
615,Jonathan Jones,walkerstephen@example.io,2020-01-19 18:35:20
616,Kevin Foley,ericachoi@outlook.com,2024-04-08 14:47:45
617,Brian Smith,richardhess@gmail.com,2022-02-21 14:22:01
618,Kelly Herrera,phillipwebb@example.io,2024-04-22 21:39:52
619,Evelyn Johnson,diazamanda@yahoo.com,2023-06-14 00:55:52
620,Michael Hanson,douglasdavis@yahoo.com,2021-06-07 13:32:35
621,Dr. Elizabeth Padilla,jessica06@ukr.net,2024-04-14 08:32:01
622,Tammie Hill,maxknight@ukr.net,2022-01-30 14:25:23
623,Valerie Walker,harmonphilip@outlook.com,2021-02-28 11:24:04
624,Kelly Mcdowell,gmiller@ukr.net,2020-11-11 16:32:30
625,David Jones,craighailey@mailbox.org,2024-09-29 23:58:07
626,Emily Cuevas,nathan16@example.io,2024-04-15 02:49:40
627,Thomas Martin,victoria07@gmail.com,2021-02-02 19:46:27
628,Katie Jimenez,joseph36@outlook.com,2024-06-16 04:48:32
629,Dawn Jones,alexbrown@example.io,2023-09-27 22:00:31
630,Gerald Sanchez,rogerskenneth@gmail.com,2022-01-21 01:11:30
631,Damon Hoover,samantha93@gmail.com,2022-09-29 06:29:05
632,Michael Sharp,dferrell@hotmail.com,2021-05-14 04:38:10
633,Patricia Mercado,darrell30@ukr.net,2023-02-14 08:46:36
634,Robert Hobbs,johngreen@mailbox.org,2023-02-13 00:44:53
635,Kenneth Lee,kiara00@example.io,2023-11-26 13:06:07
636,Mike Sanchez,francokathryn@outlook.com,2020-08-05 14:17:42
637,Steven Hart,lesliecastillo@mailbox.org,2020-12-15 17:52:39
638,Justin Callahan,nicole02@ukr.net,2023-01-13 11:03:40
639,David Campos,madison54@hotmail.com,2022-08-09 02:20:54
640,Charles Evans,jeffreywolfe@yahoo.com,2020-12-08 06:29:52
641,Jeremiah Levine,michaelbrown@example.io,2024-08-04 15:58:24
642,Thomas Lee,ewallace@gmail.com,2020-06-25 15:45:06
643,Deborah Kim,jessica92@hotmail.com,2023-04-22 01:59:12
644,Christina Walton,ihoover@yahoo.com,2021-10-18 23:50:33
645,Edward Holmes,mckenziejoseph@yahoo.com,2024-07-20 05:41:55
646,Vickie Stewart,watsonnancy@gmail.com,2023-10-19 01:49:40
647,Matthew Melton,virginiarollins@outlook.com,2020-05-02 11:28:42
648,Sarah Perkins,jeffrey68@example.io,2020-12-28 10:25:53
649,Alyssa Rogers,patrickdaniel@hotmail.com,2021-02-24 01:24:35
650,Patrick Brown,carla80@example.io,2021-12-25 12:31:35
651,Jeremy Sanders,gwendolyncox@ukr.net,2024-02-08 09:44:08
652,Katherine Fuller,dickersonmelanie@gmail.com,2022-10-09 02:49:29
653,Bryan Hayes,gonzalezyolanda@hotmail.com,2022-08-20 16:48:50
654,Kelsey Hall,gregoryharrison@ukr.net,2023-03-28 05:22:08
655,Dana Brooks,christine35@hotmail.com,2023-04-25 18:38:23
656,Kenneth Watson,scottpalmer@ukr.net,2022-06-26 11:40:29
657,Nathaniel Stephenson,jeffrey86@yahoo.com,2021-07-20 17:49:23
658,Gary Harris,kparker@mailbox.org,2024-07-09 18:46:04
659,Melinda Mccoy,rogerseric@ukr.net,2020-02-05 14:04:02
660,Wendy Graham,gperez@yahoo.com,2022-04-04 19:05:43
661,Daniel King,benjaminmoore@hotmail.com,2021-12-07 05:41:28
662,Sabrina Morgan,grossrichard@mailbox.org,2021-02-16 19:47:50
663,Amy Raymond,cortezscott@ukr.net,2024-04-15 05:22:08
664,Christopher Walton,ealexander@hotmail.com,2024-10-13 03:01:24
665,Christina Jackson,lawrencerobert@hotmail.com,2023-05-09 16:00:22
666,Angela Mcclain,danielleperkins@gmail.com,2020-06-04 23:55:57
667,Meghan Olson,danielmitchell@mailbox.org,2024-01-20 23:19:29
668,Amanda Jordan,khogan@gmail.com,2022-09-23 10:11:18
669,Teresa Harper,rachelnolan@ukr.net,2023-02-11 05:08:29
670,Gary Hoover,umoran@gmail.com,2022-02-26 09:55:27
671,Diane Payne,cpeters@mailbox.org,2024-03-07 07:09:24
672,Sydney Gonzalez,brent43@ukr.net,2021-08-12 13:07:08
673,Shannon Hayes,megan07@hotmail.com,2024-09-25 00:26:57
674,Rita Proctor,david40@gmail.com,2022-12-01 18:02:38
675,David Shepherd,navery@mailbox.org,2023-10-02 20:19:01
676,Dennis Jimenez,elizabethmitchell@example.io,2020-05-04 20:42:26
677,Angela Jones,barnettsharon@example.io,2023-08-06 04:00:51
678,Kristen Carter,xpierce@example.io,2022-11-11 07:36:28
679,Courtney Wong,tyler62@hotmail.com,2022-10-17 17:20:49
680,Michael Cross,justinsmith@hotmail.com,2024-01-04 17:29:26
681,Jonathan Simmons,treed@yahoo.com,2021-01-05 02:20:46
682,Carla Reid,dariuspatel@gmail.com,2024-03-18 08:43:41
683,Adrian Bailey,diane55@mailbox.org,2021-09-22 11:25:10
684,Tabitha Mccoy,jennifersmith@outlook.com,2021-09-19 11:54:43
685,Donna Ramsey,elizabethsanford@outlook.com,2021-12-08 03:15:27
686,Cheryl Hall PhD,timothydyer@example.io,2021-03-20 19:29:07
687,Amy Brown,brittany46@gmail.com,2024-08-14 06:54:02
688,Katie Young,lori63@example.io,2020-01-21 05:05:33
689,Ann Swanson,megan21@hotmail.com,2020-01-11 23:02:35
690,Kelly Clarke,andrew21@hotmail.com,2023-05-01 15:12:10
691,James Roberts,willisconnie@ukr.net,2023-04-10 13:33:07
692,Evan Curtis,marysnyder@mailbox.org,2022-02-11 16:31:04
693,Kristen Scott,julie43@hotmail.com,2021-06-07 13:09:02
694,David Murphy,gstewart@example.io,2022-05-20 11:57:20
695,Dr. Kyle Gallagher,henryjacob@ukr.net,2021-11-03 18:31:00
696,Candice Perez,nbrown@mailbox.org,2021-11-05 22:00:18
697,Emily Brown,usmith@mailbox.org,2020-08-26 00:31:23
698,Rebecca Small,audreymartinez@yahoo.com,2023-05-20 11:27:08
699,Derrick Schwartz,christopher34@ukr.net,2023-02-23 18:32:38
700,Amanda Perez,lisa89@hotmail.com,2022-05-19 10:31:57
701,Jessica Torres,xlewis@gmail.com,2021-10-14 11:49:15
702,Nicholas Evans,jacqueline85@ukr.net,2023-05-21 04:07:07
703,Todd Robinson,zachary78@hotmail.com,2021-12-12 15:24:51
704,Margaret Burke,thomasjennifer@ukr.net,2020-05-17 03:48:38
705,Laura Moore,mark01@example.io,2021-06-11 02:55:59
706,Todd Williams,hconner@outlook.com,2023-02-09 11:15:25
707,Jeremy Gonzalez,joshuarodriguez@ukr.net,2022-01-25 16:18:38
708,Donna Grant,rachel47@ukr.net,2022-10-11 04:45:22
709,Thomas Butler,cindy46@example.io,2022-08-25 00:39:57
710,Blake Lopez,joshuagomez@mailbox.org,2021-11-14 12:20:44
711,Linda Carter,smithlaura@example.io,2023-12-29 00:47:21
712,Micheal Campbell,sean31@example.io,2024-03-14 22:45:25
713,Jose Brown,iwilliams@example.io,2021-10-21 17:48:58
714,Douglas Bennett,ronald04@yahoo.com,2021-12-07 16:37:26
715,Jennifer Ward,jillwhitney@yahoo.com,2022-07-02 13:33:04
716,Robert Wolf,toni47@yahoo.com,2020-09-11 04:22:57
717,Jordan Stein,kellygraham@yahoo.com,2024-09-22 14:52:53
718,Angelica Martinez,teresa48@example.io,2024-07-12 20:13:57
719,Megan Snyder,qmendoza@gmail.com,2024-04-13 19:29:30
720,Jessica Robinson,nguyenjeffrey@hotmail.com,2024-02-27 04:24:16
721,Pedro Patterson,rachel90@gmail.com,2021-12-15 00:17:58
722,Patrick Montes,shawnavery@outlook.com,2020-04-21 07:39:51
723,John Parsons,stevenglover@example.io,2021-11-23 12:52:06
724,Deanna Carr,lisa51@gmail.com,2024-09-11 22:22:59
725,Brianna Watson,dylanbrown@example.io,2020-09-09 03:59:27
726,Bryan Castillo,brewerjoseph@hotmail.com,2022-08-08 22:01:44
727,William Gonzalez,philip98@ukr.net,2024-07-11 14:52:32
728,Christina Sanchez,tamarabentley@hotmail.com,2022-03-27 22:50:48
729,Curtis Newman,xbuckley@hotmail.com,2020-12-27 11:33:40
730,Tina Gomez,christinalee@yahoo.com,2024-06-26 18:20:32
731,Rebekah Wilkins,xfisher@ukr.net,2021-06-17 19:13:49
732,Jeffrey Le,veronicacoleman@ukr.net,2021-12-09 11:30:57
733,Nicole Adkins,torressteven@example.io,2024-07-23 06:44:43
734,Richard Jones,jennifer82@mailbox.org,2020-07-22 04:14:48
735,Matthew Bass,jenniferwatkins@mailbox.org,2021-01-20 03:26:44
736,Willie Sawyer,edwardbishop@mailbox.org,2020-02-27 07:53:09
737,Deborah Hamilton,tylerhumphrey@mailbox.org,2023-06-19 10:33:03
738,Marie Flores,ashleylawson@example.io,2021-09-02 10:31:05
739,Steven Brady,jerrydowns@hotmail.com,2022-09-30 19:05:19
740,Kelly Goodwin,ewilliams@ukr.net,2022-09-05 19:01:04
741,Melvin White,bauerbrandon@mailbox.org,2021-02-25 05:06:25
742,Karen Lynch,ljensen@example.io,2022-07-16 21:01:57
743,Michelle Mcgrath,bholloway@mailbox.org,2020-10-06 13:09:03
744,Lauren Mcclure,ramirezbrent@example.io,2021-11-03 08:16:00
745,Sarah Jones,fordariel@outlook.com,2022-03-19 02:00:47
746,Elizabeth Pope,swerner@mailbox.org,2024-09-15 17:23:50
747,Tina Parker,warrenrich@yahoo.com,2022-12-06 16:14:41
748,Angela Maynard,victorcortez@gmail.com,2022-02-11 21:24:24
749,Matthew Reed,mcconnelljamie@yahoo.com,2022-09-21 02:01:43
750,Jacqueline Kent,james77@hotmail.com,2021-03-20 13:40:14
751,Jeffrey Holder,lindsey66@mailbox.org,2023-07-07 23:04:29
752,Sydney Santana,ljohnson@gmail.com,2020-04-08 01:42:18
753,Ian Brooks,kathryn40@ukr.net,2021-05-29 07:38:18
754,Laura Trujillo,johnsonpamela@yahoo.com,2020-11-04 04:54:42
755,Brian Briggs,kevinfletcher@ukr.net,2020-06-23 23:40:46
756,Rachael Mclaughlin,dmoss@gmail.com,2021-07-19 03:55:51
757,Amber Barrera,kellymcmillan@gmail.com,2020-06-08 05:06:17
758,Shirley Thompson,gclark@yahoo.com,2024-07-14 16:48:09
759,Rachel Gay,jlyons@ukr.net,2022-01-08 14:24:41
760,Richard Browning,kimbeth@hotmail.com,2022-03-03 05:18:42
761,Michael Cameron,gjohnson@yahoo.com,2023-12-16 05:16:14
762,Carrie Oconnell,vmorales@yahoo.com,2022-10-11 22:05:56
763,Karen Wells,greenjason@mailbox.org,2023-11-20 03:23:59
764,Paula Benson,michaelchambers@example.io,2020-12-29 21:14:33
765,Jordan Allen,jhenderson@hotmail.com,2023-06-25 23:03:22
766,Sandra Harvey,jeremyestrada@mailbox.org,2021-05-28 08:14:16
767,Dawn Hernandez,jensenlinda@mailbox.org,2020-11-23 06:33:39
768,Joseph Richard,kayla34@gmail.com,2020-06-17 04:46:09
769,Scott Garcia PhD,sandra74@mailbox.org,2023-05-01 11:41:55
770,Michael Becker,jdavis@example.io,2021-01-03 00:09:24
771,Patricia Cline,grogers@gmail.com,2024-05-19 22:42:48
772,Heather Ramirez,brittanygonzalez@example.io,2024-01-30 18:48:07
773,Kenneth Rodgers,grichard@example.io,2020-10-10 10:34:24
774,Jacob Young,kleinryan@yahoo.com,2022-12-18 04:06:16
775,Amber Moore,davidnguyen@hotmail.com,2024-09-21 14:42:23
776,Danielle Kelley,fadams@gmail.com,2023-05-06 05:13:52
777,Jon Alvarado,erikaclark@mailbox.org,2022-03-26 13:24:08
778,Benjamin Dominguez,haysapril@yahoo.com,2020-08-09 11:55:47
779,Jonathan Curtis,destrada@hotmail.com,2023-08-30 01:38:21
780,Christine Murray,katherineburns@yahoo.com,2021-01-05 03:51:45
781,Angela Wright,unelson@mailbox.org,2020-01-27 16:29:53
782,Karen Peterson,avilabianca@mailbox.org,2021-12-10 12:56:39
783,Arthur Robertson,courtney92@yahoo.com,2021-12-28 00:16:24
784,Candace Mullen,barnesjustin@hotmail.com,2022-05-07 05:44:08
785,Brent Martin,carpenterbrittany@ukr.net,2024-09-03 16:05:08
786,Jennifer Watson,gillespiejoel@outlook.com,2024-03-07 04:32:21
787,Mr. James Cantu,lewisryan@ukr.net,2023-12-23 09:57:33
788,Mr. David Ramirez,benjamin48@outlook.com,2022-12-16 02:10:03
789,Crystal Morgan,cheryl38@hotmail.com,2020-07-13 05:06:33
790,Dawn Strong,carterjames@hotmail.com,2022-10-08 05:47:12
791,Brian Krueger,daviesdaniel@yahoo.com,2021-01-11 11:58:47
792,Dr. Janet Coleman,amypreston@hotmail.com,2024-08-13 22:11:57
793,Brittany Snyder,sloanbreanna@gmail.com,2021-05-31 19:17:16
794,Stephanie Hale,molly71@mailbox.org,2022-03-18 01:48:55
795,Hunter Dyer,falexander@ukr.net,2020-02-15 15:00:56
796,Edward Butler,brianbarnes@ukr.net,2021-07-01 09:11:42
797,Aaron Fowler,rodrigueztodd@hotmail.com,2021-06-16 21:59:12
798,Robert Wolfe,stevencampbell@gmail.com,2021-06-12 05:36:57
799,Monique Gonzales MD,ydavies@yahoo.com,2023-02-07 13:04:18
800,Susan Gardner,diazreginald@outlook.com,2022-10-14 22:11:08
801,Christopher Miller,cummingskimberly@example.io,2023-10-19 23:03:47
802,William Rice,ymills@ukr.net,2022-12-27 02:35:31
803,Alexis Mcdonald,cbuck@example.io,2020-01-08 01:05:58
804,Christopher Lee,pchung@yahoo.com,2022-11-29 12:56:37
805,Nancy Romero,sandrabecker@mailbox.org,2020-12-03 14:45:18
806,Terry Martin,westmichael@outlook.com,2020-10-24 02:32:49
807,Michael Brown,robertsjoshua@outlook.com,2021-06-03 08:39:37
808,Ryan Harrington,jacksonpaul@ukr.net,2020-09-19 04:57:50
809,Brittany Clark,wmendoza@ukr.net,2022-04-02 11:44:12
810,Tyrone Hamilton,katieyu@ukr.net,2023-03-20 21:10:34
811,Alexis Howard MD,ustewart@mailbox.org,2022-08-03 14:56:00
812,Christopher Wade,nelsonrichard@mailbox.org,2021-05-14 21:35:40
813,Maria Chang,christine04@outlook.com,2021-08-18 08:07:15
814,Michael Mcgee,jeffery22@ukr.net,2024-03-06 10:23:00
815,David Melendez,churchterri@hotmail.com,2022-10-19 21:59:50
816,Jennifer Becker,hansenmitchell@hotmail.com,2021-01-25 13:11:10
817,Deborah Reynolds,steven28@yahoo.com,2020-05-23 22:48:33
818,William Fernandez,davisjoseph@example.io,2020-01-10 18:49:42
819,Kevin Davis,toddking@outlook.com,2020-10-03 15:17:19
820,Thomas Morgan,zjordan@example.io,2022-01-14 16:40:12
821,Shelley Cox,bishopraymond@mailbox.org,2024-02-21 15:36:02
822,Laura Suarez,aaron08@mailbox.org,2023-08-13 00:01:55
823,Daniel Alexander,njohnson@outlook.com,2022-03-30 16:02:34
824,Morgan Turner,bbowers@yahoo.com,2023-10-16 11:12:55
825,Matthew Li,edwardsterri@gmail.com,2022-11-01 22:54:55
826,Jessica Burton,adamsstephen@ukr.net,2020-08-08 16:26:44
827,Timothy Nielsen,lcampbell@yahoo.com,2024-07-29 01:28:17
828,Margaret Brooks,chelsea23@mailbox.org,2021-10-13 04:38:12
829,Dr. Brian Lewis MD,douglas62@outlook.com,2020-10-10 23:29:45
830,Amy Collins,byrdjacob@hotmail.com,2021-09-04 18:14:07
831,Luis Thomas,cassandraschmidt@mailbox.org,2022-10-21 15:04:07
832,Nancy Wells,jody69@ukr.net,2024-06-27 11:53:29
833,Heidi Johnson,paige69@example.io,2022-04-09 04:39:44
834,Alexis Ross,millersara@example.io,2023-12-08 06:09:02
835,Robert Hill,sheilasanchez@outlook.com,2024-08-11 17:51:08
836,Jeffrey Larsen,yolanda61@gmail.com,2023-04-26 07:56:18
837,Robin Bates,taylornguyen@example.io,2022-05-30 03:56:39
838,Amanda Rivera,marshallandrew@ukr.net,2022-06-15 12:24:34
839,Haley Dickerson,pattonclinton@outlook.com,2020-09-01 00:31:58
840,Mark Smith,melissa65@yahoo.com,2023-08-16 22:23:43
841,Matthew Jacobs,jsmith@outlook.com,2021-08-17 20:18:48
842,Sally Conner,arianawells@yahoo.com,2023-12-26 16:40:33
843,Eric Ellis,aaron25@example.io,2020-04-06 19:45:09
844,Janet Richardson,millertracey@yahoo.com,2020-10-31 11:08:13
845,Mitchell Cole,sanchezcarl@outlook.com,2020-03-27 02:27:36
846,Danielle Newman,james91@ukr.net,2021-03-07 09:15:07
847,Bruce Vincent,jamesjohnson@example.io,2021-01-27 12:29:26
848,Jared Ho,duncangerald@yahoo.com,2021-04-06 06:02:13
849,Cindy Schaefer,lsanchez@ukr.net,2023-02-28 08:19:29
850,Brian Bright,tporter@example.io,2022-12-24 02:53:36
851,James Brown,ashley15@gmail.com,2020-03-01 21:03:05
852,Tara Pugh,jdiaz@mailbox.org,2022-02-12 11:22:23
853,Mario Robinson,vickimartin@hotmail.com,2021-12-08 22:06:31
854,Matthew Garrison,jacobgarza@outlook.com,2023-09-03 16:03:00
855,Christopher Castro,vcarr@gmail.com,2023-10-10 03:14:54
856,Jason Robinson,owilliams@gmail.com,2023-09-19 16:18:36
857,Randy Pollard,cindyestes@mailbox.org,2023-12-27 15:49:45
858,Andrew Coleman,brendarobertson@outlook.com,2022-02-02 12:54:25
859,April Johnson,rebeccaramos@gmail.com,2023-05-26 13:13:16
860,Brianna Shields,johnrogers@mailbox.org,2023-01-15 13:39:49
861,Jason James,bellashley@ukr.net,2021-01-21 08:27:42
862,Kevin Stewart,juliabutler@yahoo.com,2022-04-20 01:28:06
863,Jennifer Rhodes,davisclifford@outlook.com,2024-01-24 17:40:53
864,Kaitlyn Webb,elizabeth70@example.io,2021-05-17 23:27:58
865,Michael Hopkins,ljuarez@ukr.net,2020-02-11 13:52:09
866,Tamara Bradford,stevenshields@example.io,2020-01-16 11:01:44
867,Monica Bailey,jasonduran@gmail.com,2022-10-19 02:26:18
868,Laura Brown,ray26@example.io,2024-02-18 00:46:48
869,Amy Perez,greermeredith@mailbox.org,2022-01-27 17:30:11
870,Debra Hull,bushnancy@example.io,2021-12-04 13:12:46
871,Rickey Bishop,gmedina@ukr.net,2022-08-25 16:50:01
872,Michael Turner,mavila@yahoo.com,2022-05-04 22:18:33
873,Alyssa Smith,woodkendra@mailbox.org,2022-05-19 14:07:37
874,Lisa Sloan,andreabradley@mailbox.org,2022-09-28 14:00:09
875,Benjamin Arias,colemanbrian@outlook.com,2022-08-13 05:05:09
876,Martin Klein,andersonashley@outlook.com,2022-07-24 02:39:43
877,Spencer Lee,ryan06@mailbox.org,2023-06-22 10:04:28
878,Tony Dunn,brooksnicholas@ukr.net,2021-10-07 11:18:28
879,Lisa Haynes,cory23@hotmail.com,2022-10-04 22:35:40
880,Kara Gamble,johnsonstephanie@gmail.com,2024-08-12 02:00:27
881,Jennifer Barrera,bethturner@mailbox.org,2023-02-09 15:09:47
882,Travis Carter,michaelmedina@yahoo.com,2021-09-21 17:45:46
883,Steven Smith,milleramy@mailbox.org,2021-04-06 21:40:33
884,Amanda Poole DDS,barrerathomas@outlook.com,2023-12-02 07:08:47
885,Jennifer Coleman,hsmith@example.io,2021-11-28 08:36:51
886,Caitlin Romero,estradashirley@outlook.com,2024-01-29 11:07:17
887,Frank Potts,yfleming@ukr.net,2023-05-05 03:06:13
888,Allison Rocha,vberger@example.io,2024-02-11 12:40:09
889,Kristina Wilson,butlertraci@mailbox.org,2021-05-29 08:57:39
890,Alexis Young,baxterbonnie@ukr.net,2020-12-10 05:28:23
891,Marcia Gaines,jasminejenkins@yahoo.com,2024-01-21 00:30:21
892,Casey Chapman,vharper@outlook.com,2024-01-03 21:12:47
893,Lynn Lawson,penningtondavid@gmail.com,2024-06-03 06:37:47
894,Brian Mcdonald,usandoval@example.io,2020-10-07 02:29:41
895,Dominique Matthews,dylan76@gmail.com,2020-04-29 18:22:42
896,Thomas Wilcox,abbottstephen@example.io,2021-01-09 16:51:22
897,Michael Walker,lisa88@mailbox.org,2022-12-06 11:04:09
898,Nathan Crawford,vbeck@yahoo.com,2023-02-12 18:01:40
899,Jeremy Ho,annettestephens@outlook.com,2021-09-03 04:50:21
900,George Boyd,masseyjames@gmail.com,2020-11-11 18:55:39
901,Sabrina Smith,xryan@mailbox.org,2021-02-05 07:55:31
902,Luis Jarvis,mlee@outlook.com,2022-09-21 20:58:54
903,Laura Hernandez,xholmes@hotmail.com,2022-03-06 03:12:33
904,David Holloway,qlivingston@ukr.net,2020-02-19 18:35:24
905,Gabriel Moore,jimmy30@example.io,2024-05-24 01:37:34
906,Jessica Nichols,sheltonrobert@yahoo.com,2022-01-26 15:52:35
907,Kristen Morales,fbailey@outlook.com,2021-04-23 12:02:28
908,Brittany Livingston,stevenskevin@ukr.net,2020-03-05 07:06:54
909,Richard Clark,barrettmichael@example.io,2020-10-03 15:00:21
910,Melanie Thomas,josephfreeman@outlook.com,2023-05-07 11:19:03
911,Andrea Martinez,maria01@yahoo.com,2021-05-21 05:26:58
912,Philip Friedman,christopherterry@mailbox.org,2020-07-10 18:12:42
913,Theresa Pace,richardsonmisty@ukr.net,2021-03-09 16:02:46
914,David Taylor,daniel15@example.io,2023-05-19 04:30:49
915,Mrs. Susan Vang,cooksheri@hotmail.com,2023-09-24 05:31:50
916,Todd Gonzalez,brian77@hotmail.com,2020-09-10 03:47:15
917,Lisa Rice,kellerdavid@outlook.com,2022-03-25 02:41:58
918,Thomas Hunter,juarezmichael@example.io,2023-02-02 01:35:59
919,Daniel Nash,fhancock@outlook.com,2020-08-03 04:55:20
920,Tyler Larson,johnmartin@hotmail.com,2024-06-24 06:44:23
921,Beth Mcfarland,jacquelineclark@ukr.net,2020-08-14 00:08:10
922,Jessica Jennings,pachecotrevor@yahoo.com,2022-05-23 02:19:07
923,Nancy Gonzales,dkeith@gmail.com,2020-10-13 20:24:29
924,Matthew Jackson,john49@outlook.com,2020-04-01 12:29:23
925,Mason Johnson,walshemily@outlook.com,2024-08-10 03:43:40
926,Corey Torres,juliacoleman@example.io,2020-03-26 23:19:50
927,Jose Martinez DDS,adamsnicole@hotmail.com,2022-10-16 19:03:51
928,Timothy Jackson,edwardschristian@yahoo.com,2020-06-06 04:02:39
929,Mark Martin,steven74@ukr.net,2020-12-26 19:29:54
930,James Jones,hbishop@hotmail.com,2021-07-07 19:05:01
931,Shawn Richards,sandra00@outlook.com,2022-02-05 19:56:38
932,Jason Maxwell,davisann@yahoo.com,2024-10-15 05:56:22
933,Shannon Owens,williemoore@hotmail.com,2023-05-14 03:07:41
934,Kelly Baker,larry04@example.io,2020-05-01 00:24:43
935,Desiree Mcdonald,phawkins@hotmail.com,2021-11-29 23:00:12
936,Troy Wood,loliver@outlook.com,2022-11-15 20:11:24
937,Jennifer Miller,phillipjohnson@mailbox.org,2020-07-08 23:04:57
938,Peter Zimmerman,smyers@gmail.com,2023-02-11 10:18:44
939,Tara Rice,jbrooks@yahoo.com,2024-08-07 12:24:02
940,Amy Green,davistommy@yahoo.com,2023-10-24 04:24:49
941,Mr. Gary Wilson,jameslee@example.io,2023-06-17 11:16:12
942,Stephanie Smith,allenjohnson@hotmail.com,2021-03-07 15:19:47
943,Jeffrey Acosta,blackchristopher@outlook.com,2021-07-07 00:57:14
944,John Aguilar,lopezdavid@hotmail.com,2022-10-23 14:27:08
945,Jennifer Yu,ericamiller@mailbox.org,2020-01-10 06:01:25
946,Tyler Stuart,heathjennifer@gmail.com,2024-07-26 15:55:46
947,Benjamin Sanchez,michellebryant@example.io,2022-12-25 16:43:52
948,Debbie Carter,hrasmussen@ukr.net,2024-08-27 09:31:39
949,Christine Williams,klewis@gmail.com,2022-10-23 16:33:12
950,Richard Armstrong,paulbowman@hotmail.com,2020-02-29 06:50:25
951,Mark Wiley,alvarezanthony@gmail.com,2023-10-10 12:30:32
952,Angela Kim,hamiltonchristopher@gmail.com,2022-09-17 22:47:31
953,Justin Sanders,cranekenneth@example.io,2022-08-04 01:13:22
954,Mrs. Penny Bishop,pamela06@example.io,2022-12-09 17:00:57
955,Sean Cole,hancockjonathan@ukr.net,2022-12-24 09:24:33
956,Anthony Lopez,masonkyle@example.io,2023-02-04 04:36:23
957,Eric Brown,rlee@outlook.com,2021-04-24 18:59:20
958,Daniel Williams,ebrooks@outlook.com,2021-02-27 12:42:34
959,Maria Stuart,xmiller@example.io,2022-04-26 20:42:27
960,Jeffrey Mills,phillipscourtney@gmail.com,2021-12-02 22:28:28
961,Michelle Gillespie,bweaver@hotmail.com,2023-12-25 02:46:12
962,Ricky Lopez,jeremyortiz@yahoo.com,2020-07-07 13:08:59
963,Jacob Torres,troy20@example.io,2022-03-12 01:37:06
964,Mark Phillips,davidcarter@yahoo.com,2021-04-09 16:48:57
965,Charles Taylor,martineznathan@hotmail.com,2023-12-17 21:06:23
966,Bridget Herrera,christopher67@gmail.com,2023-02-02 13:51:11
967,Frank Mcpherson,meadowscharles@example.io,2022-02-26 22:17:35
968,Kimberly Waters,psmith@gmail.com,2020-10-15 13:06:33
969,Jose Yang,smithblake@example.io,2021-02-23 21:55:31
970,Katrina Camacho,tyates@outlook.com,2020-05-04 14:06:38
971,Kathleen Johnson,boylematthew@mailbox.org,2022-01-10 08:33:59
972,Mr. Michael Robertson MD,laurie29@yahoo.com,2022-04-29 00:37:13
973,Daniel Smith,vincent56@hotmail.com,2022-03-08 06:31:59
974,Natasha Smith,anne03@hotmail.com,2020-07-11 23:50:30
975,Heather Lopez,wrightjon@example.io,2024-08-02 07:50:56
976,Anthony Lawson,amberjones@hotmail.com,2022-05-10 05:20:32
977,Richard Tucker,ryan42@hotmail.com,2021-02-21 21:37:52
978,Ryan Krueger,nathaniel16@outlook.com,2020-04-13 00:06:34
979,Ashley Romero,samanthawilliams@outlook.com,2023-10-13 18:28:46
980,Kenneth Bond,warrenmolly@outlook.com,2021-08-11 16:28:38
981,Amanda Macias,richard98@mailbox.org,2020-10-28 22:06:57
982,Joshua Rivera,josephcochran@mailbox.org,2021-06-12 07:38:48
983,Heather Davis,shawkayla@ukr.net,2020-09-13 08:52:50
984,Randy Lewis,jason04@ukr.net,2021-09-04 00:56:29
985,Greg Wagner,robert52@hotmail.com,2020-10-12 16:42:43
986,Marco Peterson,award@mailbox.org,2024-02-12 18:15:14
987,Samantha Weber,sheri25@yahoo.com,2021-03-23 00:15:10
988,Christopher Lewis,lesliepratt@gmail.com,2022-07-17 07:28:26
989,Jake Collins,hardinmichelle@example.io,2020-07-04 11:14:15
990,Kevin Grant,wpratt@yahoo.com,2023-04-12 08:08:51
991,Charles Hicks,sullivankimberly@mailbox.org,2020-11-17 22:56:45
992,Courtney Turner,jonesabigail@example.io,2023-06-20 13:31:26
993,Matthew Dunn,chris88@gmail.com,2023-08-18 05:40:57
994,Timothy Davis,elizabeth60@hotmail.com,2020-11-04 22:09:09
995,Stanley Castillo,christy95@ukr.net,2024-06-23 06:23:12
996,Latasha Macdonald DDS,gomezdaniel@mailbox.org,2020-08-04 01:11:33
997,Lisa Campbell,olsendonald@example.io,2020-10-12 10:19:13
998,Rebecca Rivera,jaclyn76@example.io,2020-04-05 05:10:48
999,Lindsey Chavez,achapman@outlook.com,2020-01-10 02:08:31
1000,Jennifer Allen,larry34@ukr.net,2022-09-21 21:41:28
1001,Richard Wilcox,brittneyaustin@example.io,2020-02-08 20:28:38
