user_id,name,email,signup_date,domain
1,Marisa Hunter,sierra75@mailbox.org,2023-05-01,mailbox.org
2,Raymond Rocha,salexander@example.io,2022-09-17,example.io
3,Mary Edwards,hillnicholas@example.io,2024-06-19,example.io
4,Christopher Ellis,garciajames@gmail.com,2020-04-07,gmail.com
5,Diana Martinez MD,dustin27@ukr.net,2020-04-10,ukr.net
6,Christopher Mejia,jessica31@yahoo.com,2024-05-24,yahoo.com
7,Donald Hernandez,salinasashley@mailbox.org,2021-04-16,mailbox.org
8,Melissa Shannon,jonathan73@mailbox.org,2022-04-13,mailbox.org
9,Terry Walker,chelseawong@yahoo.com,2024-06-11,yahoo.com
10,David Schneider,ericstone@gmail.com,2021-09-29,gmail.com
11,Joann Campbell,charlesreynolds@example.io,2022-07-12,example.io
12,Jessica Saunders,lewisjennifer@hotmail.com,2024-04-16,hotmail.com
13,Marissa Young,morenomegan@example.io,2021-06-07,example.io
14,Sean Holloway,michelle71@example.io,2024-08-01,example.io
15,Betty Cook,jtodd@mailbox.org,2023-08-31,mailbox.org
16,Jordan Smith,omarshall@ukr.net,2022-06-16,ukr.net
17,Elizabeth Perez,cody29@yahoo.com,2024-07-16,yahoo.com
18,Zachary Johnson,nhaynes@ukr.net,2023-09-05,ukr.net
19,William Marsh,trevor60@outlook.com,2021-10-07,outlook.com
20,David Jenkins,loripage@gmail.com,2023-02-03,gmail.com
21,Cheryl Sweeney,joseph38@gmail.com,2021-07-19,gmail.com
22,Lauren Chen,kristaholloway@example.io,2020-04-08,example.io
23,Sandra Mclaughlin,schmidtcaitlyn@yahoo.com,2023-08-19,yahoo.com
24,Gwendolyn Thompson,alan58@ukr.net,2022-04-02,ukr.net
25,Michael Mcmahon,olivia09@ukr.net,2021-05-03,ukr.net
26,Blake Craig,craigchristopher@yahoo.com,2022-01-01,yahoo.com
27,Joseph Brown,coxmiranda@outlook.com,2023-08-25,outlook.com
28,Ryan Hart,tball@outlook.com,2022-08-22,outlook.com
29,Steven Mitchell,qthomas@gmail.com,2021-03-04,gmail.com
30,Michael Blanchard,valerieortiz@gmail.com,2024-09-25,gmail.com
31,Tammy Powell,ecantrell@ukr.net,2023-12-20,ukr.net
32,Victor Martin,hdickson@hotmail.com,2023-06-20,hotmail.com
33,Mrs. Teresa Bowen,campbellemily@mailbox.org,2023-03-31,mailbox.org
34,Ian Chase,bwhitehead@hotmail.com,2021-04-09,hotmail.com
35,Alexis Berry,tomkelley@example.io,2021-05-01,example.io
36,Luke Roberts,careynatalie@gmail.com,2021-01-01,gmail.com
37,Christopher Pierce,pnichols@example.io,2020-01-14,example.io
38,Kyle Trevino,davidperez@outlook.com,2020-06-02,outlook.com
39,Terri Ward,maria77@hotmail.com,2021-12-01,hotmail.com
40,Erin Hall,sanchezjennifer@gmail.com,2021-06-26,gmail.com
41,Brandon Hill,benjamin57@yahoo.com,2020-09-19,yahoo.com
42,Mariah Howell,jeffreyjoyce@example.io,2023-05-30,example.io
43,Mark Webb,ochurch@yahoo.com,2023-03-22,yahoo.com
44,Joshua Colon,david46@gmail.com,2020-03-23,gmail.com
45,Sarah Snow,dbates@yahoo.com,2023-07-25,yahoo.com
46,Kelly Nichols,sherry98@hotmail.com,2020-07-25,hotmail.com
47,Michael Lewis,rgill@hotmail.com,2021-02-03,hotmail.com
48,Wendy Orr,coltonpayne@gmail.com,2020-04-10,gmail.com
49,Heather Hall,martinsarah@ukr.net,2022-02-28,ukr.net
50,Brian Lopez,carrelizabeth@gmail.com,2024-02-06,gmail.com
51,Evelyn Leach,npatel@yahoo.com,2022-04-17,yahoo.com
52,Robert Woods,taylorrachel@hotmail.com,2020-09-18,hotmail.com
53,Connor Lee,vjimenez@mailbox.org,2023-01-02,mailbox.org
54,Manuel Smith,curtis76@hotmail.com,2023-05-15,hotmail.com
55,Matthew Kelly,heather93@outlook.com,2024-10-07,outlook.com
56,Joseph Becker,alexanderparker@example.io,2020-09-20,example.io
57,John Adams,martin87@yahoo.com,2021-12-27,yahoo.com
58,Vincent Howe,benjamin16@hotmail.com,2023-02-18,hotmail.com
59,Sarah Orr,roblesjennifer@ukr.net,2020-11-13,ukr.net
60,Jacob Hernandez,contrerasgary@ukr.net,2022-07-31,ukr.net
61,Eduardo Stone,jaredhoffman@example.io,2022-02-03,example.io
62,Heather Perez,michael31@hotmail.com,2020-07-16,hotmail.com
63,Jonathan Jones,zjohnston@yahoo.com,2022-04-07,yahoo.com
64,Terry Garrett,xsims@outlook.com,2020-09-24,outlook.com
65,Tiffany Meyer,qkirk@mailbox.org,2020-09-12,mailbox.org
66,Juan Richards,steven41@yahoo.com,2023-04-23,yahoo.com
67,Elizabeth Burgess,deanna19@gmail.com,2024-01-03,gmail.com
68,Alyssa Lee,samantha11@hotmail.com,2023-08-28,hotmail.com
69,Tiffany Lozano,donnajones@mailbox.org,2021-08-28,mailbox.org
70,Michael Morales,jonathan89@hotmail.com,2022-11-29,hotmail.com
71,Christopher Flynn,elliottcharles@outlook.com,2020-09-24,outlook.com
72,Anne Delgado,nanderson@hotmail.com,2020-11-05,hotmail.com
73,Roberta Fields,kelly73@ukr.net,2022-10-09,ukr.net
74,Eric Zimmerman,fuentesjacob@ukr.net,2022-01-18,ukr.net
75,Jasmine Collier,damon27@outlook.com,2022-10-19,outlook.com
76,Julie Gonzalez,dawsondavid@mailbox.org,2023-07-12,mailbox.org
77,Kevin Fuller,laurenjohnson@yahoo.com,2020-09-01,yahoo.com
78,Sandra Blake,greenejulia@gmail.com,2023-10-03,gmail.com
79,Ronald Singh,jeremiah00@hotmail.com,2020-09-16,hotmail.com
80,Matthew Lee,williamsronald@hotmail.com,2021-08-22,hotmail.com
81,Patrick Dyer,cherrypamela@example.io,2020-11-22,example.io
82,James Burke,sierra22@hotmail.com,2022-03-08,hotmail.com
83,Kimberly Peterson,qstewart@outlook.com,2022-05-14,outlook.com
84,Kelli Reid,annette43@hotmail.com,2023-12-17,hotmail.com
85,Tammy Webb,steven03@gmail.com,2021-07-08,gmail.com
86,Howard Jacobson,jsmith@yahoo.com,2023-04-09,yahoo.com
87,Jeffery Carlson,dianasullivan@gmail.com,2024-01-20,gmail.com
88,Jon Randall,willisluis@ukr.net,2023-08-26,ukr.net
89,Cindy Thompson,osimmons@outlook.com,2021-07-08,outlook.com
90,William Taylor,christophersimmons@mailbox.org,2023-09-29,mailbox.org
91,Anthony Johnson,carmen28@hotmail.com,2020-09-10,hotmail.com
92,Steven Levine,mark26@mailbox.org,2024-08-11,mailbox.org
93,Jeffrey Ramos,tina28@example.io,2020-11-19,example.io
94,Dana Hamilton,clementsmartha@yahoo.com,2024-03-08,yahoo.com
95,Samantha Mendez,lunakimberly@example.io,2022-06-26,example.io
96,Aaron Hooper,iweaver@outlook.com,2023-11-15,outlook.com
97,Tracy Smith,lopezjoshua@mailbox.org,2020-11-03,mailbox.org
98,Gwendolyn Johnson,dwayneking@outlook.com,2023-11-19,outlook.com
99,Nicole Moore,samanthawhite@ukr.net,2023-04-30,ukr.net
100,Eric Fox,cooperteresa@gmail.com,2021-09-26,gmail.com
101,Ryan Wright,alanking@mailbox.org,2024-01-10,mailbox.org
102,Ryan Payne,michael12@ukr.net,2021-02-11,ukr.net
103,Robert Williamson,wroberson@mailbox.org,2023-12-04,mailbox.org
104,Lisa Hayes,cheryl33@hotmail.com,2022-03-15,hotmail.com
105,Tammy Merritt,marieguerrero@mailbox.org,2020-12-03,mailbox.org
106,Christopher Powers,rcasey@ukr.net,2023-11-03,ukr.net
107,Danny Gutierrez,mitchellwilliam@gmail.com,2024-07-28,gmail.com
108,Renee Ryan,osolis@gmail.com,2023-11-22,gmail.com
109,William Patterson,willie45@example.io,2023-05-28,example.io
110,Jerry Martinez,bgreen@yahoo.com,2023-04-04,yahoo.com
111,Matthew Bridges,regina58@example.io,2020-08-18,example.io
112,Samantha Sullivan,mirandaruiz@outlook.com,2024-04-15,outlook.com
113,Michael King,latasha25@example.io,2020-09-08,example.io
114,Jason Mason,hlopez@outlook.com,2021-11-17,outlook.com
115,Casey Ferrell,tduncan@outlook.com,2020-04-15,outlook.com
116,Yvonne Edwards,butlerpaula@hotmail.com,2023-11-23,hotmail.com
117,Austin Jackson,lauraevans@mailbox.org,2024-07-25,mailbox.org
118,Raymond Moore,heather04@ukr.net,2020-10-11,ukr.net
119,Cory Henry,angela08@hotmail.com,2024-10-19,hotmail.com
120,Tracy Sanders,rgarcia@gmail.com,2021-12-02,gmail.com
121,Cathy Jones,alexandra66@outlook.com,2024-01-18,outlook.com
122,Jesus Ayala,daniel96@ukr.net,2020-07-01,ukr.net
123,Kenneth Jackson,leahmcguire@mailbox.org,2020-10-11,mailbox.org
124,Jack Gordon,mcclurenicole@hotmail.com,2024-04-22,hotmail.com
125,Yvette Phillips,carol97@mailbox.org,2022-05-25,mailbox.org
126,Mary Smith,hyoung@ukr.net,2024-03-28,ukr.net
127,Megan Martinez,kromero@example.io,2020-03-26,example.io
128,Marie Merritt,franklinjared@hotmail.com,2023-11-09,hotmail.com
129,Allen Coleman,bairdjason@outlook.com,2022-07-30,outlook.com
130,Jenna Cortez,davidbutler@gmail.com,2024-10-05,gmail.com
131,Marcus Hernandez,alexisluna@hotmail.com,2022-04-21,hotmail.com
132,Kenneth Beasley,qrodgers@gmail.com,2024-06-21,gmail.com
133,Samuel Wagner,brianabush@ukr.net,2023-04-21,ukr.net
134,William Simpson,gbowers@mailbox.org,2023-03-03,mailbox.org
135,Laura Hughes,zjacobs@ukr.net,2022-04-25,ukr.net
136,Brianna Mcpherson,kristensimmons@gmail.com,2021-12-22,gmail.com
137,Eric Pacheco,krhodes@example.io,2020-09-29,example.io
138,Joseph Webster,nathanielgonzalez@gmail.com,2021-08-18,gmail.com
139,Jessica Gonzalez,sanchezalex@mailbox.org,2023-02-25,mailbox.org
140,Sara Stone,christopher97@hotmail.com,2023-04-03,hotmail.com
141,Eric Nguyen,ramirezkeith@ukr.net,2020-03-11,ukr.net
142,Scott Silva,adamsvirginia@hotmail.com,2024-01-26,hotmail.com
143,Melissa Gomez,mariabrown@example.io,2021-03-09,example.io
144,Brooke Hicks,debracarter@mailbox.org,2023-07-08,mailbox.org
145,Joseph Woods,anthonychristina@gmail.com,2020-09-15,gmail.com
146,James Pacheco,rdavis@yahoo.com,2024-04-17,yahoo.com
147,Mrs. Victoria Reid,hjohnson@yahoo.com,2024-09-01,yahoo.com
148,Mario Lozano,watsonrobin@yahoo.com,2020-08-24,yahoo.com
149,Grant Edwards,sarah94@mailbox.org,2020-05-28,mailbox.org
150,Lucas Watkins,ppark@gmail.com,2020-05-07,gmail.com
151,Michael Vance,jwashington@ukr.net,2023-09-21,ukr.net
152,Brittany Casey,bbraun@ukr.net,2020-12-15,ukr.net
153,Aaron Koch,williambarber@ukr.net,2023-02-15,ukr.net
154,Alison Ellis,williammoody@ukr.net,2022-04-25,ukr.net
155,Melissa Adams,sanforddouglas@example.io,2020-11-10,example.io
156,Rebecca Francis,jenna05@hotmail.com,2023-12-17,hotmail.com
157,James Smith,marystone@gmail.com,2024-01-26,gmail.com
158,Laurie Riley,randyfoster@ukr.net,2024-03-01,ukr.net
159,Kendra Coleman,michaelhenry@hotmail.com,2022-05-03,hotmail.com
160,Michelle Williams,andrewmoore@outlook.com,2021-10-07,outlook.com
161,Cheryl Sanchez,manuelhenry@ukr.net,2023-05-29,ukr.net
162,Joseph Patton,elizabethcastillo@outlook.com,2022-11-03,outlook.com
163,Joyce Hays,morrismegan@mailbox.org,2022-04-19,mailbox.org
164,Derek Sanchez,cristinahardin@ukr.net,2022-02-01,ukr.net
165,Nathan Campbell,ccallahan@hotmail.com,2020-12-08,hotmail.com
166,Eric Sanchez,pwalker@gmail.com,2024-07-07,gmail.com
167,Sarah Torres,hmoody@hotmail.com,2024-07-24,hotmail.com
168,Brian Brennan,pamelaholden@gmail.com,2021-10-11,gmail.com
169,Kelsey Young,ztaylor@hotmail.com,2023-11-23,hotmail.com
170,Elizabeth Jones,scottgibson@mailbox.org,2022-12-25,mailbox.org
171,Adam Fritz,travis33@outlook.com,2021-10-11,outlook.com
172,Mark Davis,amy00@hotmail.com,2022-06-01,hotmail.com
173,Amy Mitchell,lisa25@mailbox.org,2023-03-25,mailbox.org
174,Jack Savage,john37@gmail.com,2023-12-26,gmail.com
175,Joan Jones,kevin87@mailbox.org,2020-08-11,mailbox.org
176,Eric Cooper,shill@yahoo.com,2023-05-06,yahoo.com
177,Kenneth Welch,ldrake@example.io,2024-01-16,example.io
178,Rachel Shaw,guerrerobrian@hotmail.com,2021-06-04,hotmail.com
179,Mr. John Anderson,benjaminwhite@hotmail.com,2023-09-03,hotmail.com
180,James Wilson,mike10@mailbox.org,2022-07-26,mailbox.org
181,Lori Turner,bbaker@mailbox.org,2023-07-28,mailbox.org
182,Justin Cowan,joseph65@mailbox.org,2020-07-30,mailbox.org
183,Kathleen Perry,harrisonjasmine@gmail.com,2020-02-24,gmail.com
184,Chase Owen,sarah31@outlook.com,2024-10-03,outlook.com
185,Crystal Clark,james57@mailbox.org,2020-07-22,mailbox.org
186,Andrea Rasmussen,jameswallace@yahoo.com,2024-08-21,yahoo.com
187,Roger Green,cassandra28@gmail.com,2020-12-27,gmail.com
188,Ryan Garcia,millerjulie@outlook.com,2020-01-15,outlook.com
189,Michelle Chan,smithkathryn@gmail.com,2020-11-08,gmail.com
190,Molly Stephens,pfranco@hotmail.com,2021-03-05,hotmail.com
191,Michelle Lawrence,dchaney@yahoo.com,2021-11-07,yahoo.com
192,Jermaine Foster,beverly05@mailbox.org,2024-05-15,mailbox.org
193,Alexander Middleton,evanscourtney@gmail.com,2023-06-17,gmail.com
194,Casey Harrington,diana67@yahoo.com,2023-08-02,yahoo.com
195,Gregory Smith,smithmichael@example.io,2021-03-01,example.io
196,Danielle Jones,brownkyle@yahoo.com,2022-02-07,yahoo.com
197,Kathryn Santiago,david66@hotmail.com,2021-03-23,hotmail.com
198,Theresa Davis,rebecca05@outlook.com,2024-01-02,outlook.com
199,Pamela Walter,igriffin@hotmail.com,2024-06-16,hotmail.com
200,Rita Rodriguez,nancymartinez@ukr.net,2021-08-31,ukr.net
201,Jessica Roberts,haleymartin@gmail.com,2024-01-14,gmail.com
202,Anthony Mueller,rachel69@outlook.com,2023-11-14,outlook.com
203,John George,tammie12@mailbox.org,2022-07-19,mailbox.org
204,Vanessa Hill,danielmoore@example.io,2020-12-31,example.io
205,Lisa Allen,waterswanda@example.io,2023-03-12,example.io
206,Mr. Mike Nelson DVM,adavis@ukr.net,2020-01-18,ukr.net
207,Ashley Hancock,owensjeremy@gmail.com,2022-02-24,gmail.com
208,Courtney Bradley,xrubio@ukr.net,2022-03-25,ukr.net
209,Hailey Galloway,ngreen@yahoo.com,2020-05-25,yahoo.com
210,Jennifer Davis,xmartin@hotmail.com,2023-08-21,hotmail.com
211,David Jones,joycehamilton@example.io,2023-07-13,example.io
212,Dorothy Martinez,jared39@example.io,2022-05-20,example.io
213,Michael Garcia,kimberlyburgess@hotmail.com,2021-05-25,hotmail.com
214,Jessica Byrd,annawright@mailbox.org,2022-09-16,mailbox.org
215,Hannah Smith,williamswilliam@example.io,2022-12-13,example.io
216,Leah Leblanc,hmatthews@ukr.net,2022-09-13,ukr.net
217,Brian Alexander,joannemcdonald@ukr.net,2022-03-31,ukr.net
218,Sydney Butler,vharmon@gmail.com,2020-11-21,gmail.com
219,Belinda Mcgee,melissa49@hotmail.com,2021-04-22,hotmail.com
220,Ray Dennis,brittany51@gmail.com,2024-08-16,gmail.com
221,Leslie Schroeder,joelbryant@gmail.com,2020-12-07,gmail.com
222,Kimberly Davis,lisawashington@example.io,2023-04-25,example.io
223,Jennifer Wu,melinda47@outlook.com,2022-06-14,outlook.com
224,Ronald Byrd,reneevang@example.io,2020-01-21,example.io
225,Travis Peters,michelle60@ukr.net,2024-06-02,ukr.net
226,Micheal Choi,destinymckay@yahoo.com,2022-02-18,yahoo.com
227,Brittney Nguyen,baileyamy@hotmail.com,2024-06-07,hotmail.com
228,Travis Davies,mckinneymichelle@yahoo.com,2023-12-20,yahoo.com
229,Wanda Bradley,stevencarney@outlook.com,2022-12-16,outlook.com
230,Melanie Carrillo,michelle53@gmail.com,2023-02-09,gmail.com
231,Cassandra Thompson,christopher65@hotmail.com,2021-11-27,hotmail.com
232,Nancy Terry,brian41@yahoo.com,2020-02-23,yahoo.com
233,Andrew Harper,lydiabyrd@outlook.com,2023-09-17,outlook.com
234,Adam Brown,frobinson@mailbox.org,2024-05-20,mailbox.org
235,Jenna Palmer,amber85@mailbox.org,2023-01-14,mailbox.org
236,April Sanchez,jessica87@outlook.com,2021-12-26,outlook.com
237,Aaron Green,andrewrios@hotmail.com,2024-02-08,hotmail.com
238,Ernest Reese,lobrien@yahoo.com,2022-02-01,yahoo.com
239,Donna Jennings,tina92@ukr.net,2020-01-15,ukr.net
240,Angela Gray,angelcaldwell@mailbox.org,2021-06-30,mailbox.org
241,Joshua Bond,albert88@yahoo.com,2023-11-07,yahoo.com
242,Samantha Thornton,ericamitchell@gmail.com,2024-09-12,gmail.com
243,Laura May,michaelmartin@mailbox.org,2022-03-16,mailbox.org
244,Wendy Padilla,mark93@hotmail.com,2023-11-18,hotmail.com
245,Patricia Wilson,bphillips@gmail.com,2023-08-04,gmail.com
246,Mary Williamson,donaldsmith@mailbox.org,2024-07-06,mailbox.org
247,Mr. Melvin Taylor,tamarahendrix@outlook.com,2020-02-01,outlook.com
248,Caitlyn Anderson,kyleharvey@yahoo.com,2022-07-21,yahoo.com
249,Samuel Harrell,sarah80@outlook.com,2022-09-15,outlook.com
250,Alyssa Brown,maxwelljames@yahoo.com,2021-03-16,yahoo.com
251,Dwayne Harvey Jr.,anne98@ukr.net,2021-01-26,ukr.net
252,Joshua Riggs,bowens@outlook.com,2024-03-11,outlook.com
253,Jennifer Smith,markmontgomery@outlook.com,2023-08-19,outlook.com
254,Gerald Ortiz,fstrong@ukr.net,2023-01-17,ukr.net
255,Stacy Ryan,nicholas27@example.io,2023-02-09,example.io
256,Emma Hunt,newtonryan@hotmail.com,2023-02-04,hotmail.com
257,Robert Long,zdurham@ukr.net,2023-07-29,ukr.net
258,Cheyenne Thompson,fgarcia@example.io,2020-08-03,example.io
259,Robert Warren,vasquezrachel@mailbox.org,2022-01-02,mailbox.org
260,Charles Scott,greenerik@gmail.com,2021-04-11,gmail.com
261,James Davis,chelseadavid@yahoo.com,2020-07-13,yahoo.com
262,Cody Diaz,ericmason@mailbox.org,2020-09-04,mailbox.org
263,Vanessa Nguyen,snyderjennifer@gmail.com,2022-02-18,gmail.com
264,Miguel Chang,bartonpaul@outlook.com,2023-07-20,outlook.com
265,Kim Ho,reedscott@yahoo.com,2020-02-26,yahoo.com
266,Amanda Waller,richardtorres@ukr.net,2021-01-20,ukr.net
267,Dr. James Jackson,jessica42@gmail.com,2021-10-19,gmail.com
268,Robert Huang,lyoung@yahoo.com,2021-05-29,yahoo.com
269,Crystal Melton,olivia37@outlook.com,2022-04-23,outlook.com
270,Aaron Ryan,lisalopez@example.io,2022-03-15,example.io
271,Timothy Wright,davisdanielle@example.io,2021-12-11,example.io
272,Jose Allen,johnpierce@example.io,2024-08-08,example.io
273,Daniel Clark,ujones@gmail.com,2021-11-21,gmail.com
274,Becky Williams,hfranklin@example.io,2021-10-04,example.io
275,Lisa Jarvis,wsanchez@ukr.net,2024-08-22,ukr.net
276,Terri Sanchez,taragarcia@example.io,2024-05-03,example.io
277,James Ramsey,garyali@ukr.net,2024-08-21,ukr.net
278,Kristen Jones,prestonkathryn@gmail.com,2022-07-03,gmail.com
279,Joshua Black,contrerassarah@yahoo.com,2023-11-12,yahoo.com
280,Danielle Bennett,gloriahoward@example.io,2022-01-14,example.io
281,Anthony Oliver,anthony84@outlook.com,2021-05-13,outlook.com
282,Kimberly Livingston,carlweber@outlook.com,2023-05-31,outlook.com
283,Angela Wilson,angelakrause@hotmail.com,2024-01-07,hotmail.com
284,Dr. Richard Martinez,james37@example.io,2022-07-21,example.io
285,Matthew Mccormick,diazmadison@example.io,2024-07-10,example.io
286,Robert Kemp,carsonstephen@gmail.com,2020-07-21,gmail.com
287,Tara Brown,cblackburn@ukr.net,2020-01-23,ukr.net
288,Erika Foster,michaelhayes@hotmail.com,2020-01-08,hotmail.com
289,Amanda Boyle,tlyons@outlook.com,2024-01-05,outlook.com
290,William Ramsey,torresjason@ukr.net,2023-08-22,ukr.net
291,Erin Weiss,cynthia89@ukr.net,2023-12-27,ukr.net
292,Allen Ho,monique52@yahoo.com,2023-03-23,yahoo.com
293,Linda Lee,riveraalejandro@gmail.com,2022-08-30,gmail.com
294,Brandy Meyer,lmorris@yahoo.com,2023-09-07,yahoo.com
295,Willie Myers,rachelcombs@gmail.com,2022-10-16,gmail.com
296,Christopher Ramirez Jr.,rachel17@ukr.net,2023-04-09,ukr.net
297,Anthony Meyers,fward@mailbox.org,2023-05-04,mailbox.org
298,Robert Lawson,bsolomon@example.io,2021-09-27,example.io
299,Mary Chandler,mmccall@gmail.com,2022-12-10,gmail.com
300,Thomas Johnson,westtyler@yahoo.com,2022-08-01,yahoo.com
301,Daniel Moore,kimberly24@mailbox.org,2023-02-10,mailbox.org
302,Brian Weber,uanderson@outlook.com,2023-11-20,outlook.com
303,David Gutierrez,cartersteven@example.io,2024-05-19,example.io
304,Robert Wall,wshepard@yahoo.com,2024-01-30,yahoo.com
305,Stephanie Crosby,rodriguezshawn@outlook.com,2021-11-14,outlook.com
306,Jason Peters,zlee@example.io,2021-06-21,example.io
307,Brandon Flores,sheila49@ukr.net,2020-08-03,ukr.net
308,Joshua Morgan,michelle83@gmail.com,2024-04-19,gmail.com
309,Raymond Johns,david78@gmail.com,2020-08-06,gmail.com
310,Tricia Jackson,thompsonnicholas@example.io,2023-06-07,example.io
311,David Leonard,erichendrix@ukr.net,2020-11-17,ukr.net
312,Gina Davila,betty38@gmail.com,2021-10-17,gmail.com
313,Jeffrey Rivera,osmith@ukr.net,2020-08-20,ukr.net
314,Jaime Ferguson,ywatkins@yahoo.com,2023-01-21,yahoo.com
315,Yesenia Gill,vincent65@yahoo.com,2020-02-25,yahoo.com
316,Janice Burns,lisa46@ukr.net,2024-08-04,ukr.net
317,Traci Blair,ajohnson@yahoo.com,2022-02-25,yahoo.com
318,Jennifer Perez,tina15@outlook.com,2021-09-04,outlook.com
319,Kevin Miller,smorales@example.io,2020-05-17,example.io
320,Ian Smith,jennifer86@mailbox.org,2020-03-30,mailbox.org
321,Martha Turner DDS,vargasamanda@yahoo.com,2022-09-04,yahoo.com
322,Andrew Cunningham,michaelnewman@example.io,2023-07-06,example.io
323,Kelli Ballard,abigail63@example.io,2020-02-12,example.io
324,George Glover,gordon19@mailbox.org,2020-02-27,mailbox.org
325,Betty Hammond,stefaniebutler@example.io,2024-05-01,example.io
326,Terry Nichols,leah93@yahoo.com,2023-04-15,yahoo.com
327,Sharon Gibbs,cward@example.io,2022-09-26,example.io
328,Lindsey Snow,rhubbard@hotmail.com,2022-05-08,hotmail.com
329,Dr. David Espinoza IV,ojohnson@example.io,2023-04-21,example.io
330,Michael Downs,ogordon@example.io,2023-08-11,example.io
331,Amber Williams,belinda16@gmail.com,2020-10-07,gmail.com
332,Mario Mcbride,fgarner@mailbox.org,2024-08-12,mailbox.org
333,Austin Adams,kellycatherine@mailbox.org,2020-03-20,mailbox.org
334,Karen Scott,fvelazquez@example.io,2022-12-09,example.io
335,Joshua Hernandez,adammarquez@ukr.net,2020-06-19,ukr.net
336,Stephanie Ramsey,richard08@ukr.net,2021-09-10,ukr.net
337,Robert Bowers,bakertimothy@hotmail.com,2023-04-03,hotmail.com
338,Brendan Jones,halltyler@ukr.net,2020-05-07,ukr.net
339,Chase Vasquez,zstephens@example.io,2022-12-27,example.io
340,Lauren Ramos,coltonharris@hotmail.com,2024-06-16,hotmail.com
341,Teresa Rivera,zbradford@outlook.com,2023-11-09,outlook.com
342,Michael Macias,summersthomas@example.io,2022-03-12,example.io
343,Justin Gonzales,peterclark@gmail.com,2024-08-11,gmail.com
344,Lucas Knapp,ryanolson@mailbox.org,2023-07-19,mailbox.org
345,Angela Ray,pamelacantu@outlook.com,2020-08-31,outlook.com
346,Robert Riley,johnsonrobin@example.io,2020-04-09,example.io
347,Brian Valdez,reidjames@gmail.com,2020-03-25,gmail.com
348,Jason Jefferson,dschroeder@ukr.net,2022-07-15,ukr.net
349,Julie Rojas,adriana91@outlook.com,2021-10-03,outlook.com
350,Christopher Spears,carmendavis@gmail.com,2024-01-04,gmail.com
351,Alison Bryant,dudleychristopher@example.io,2023-08-24,example.io
352,Evelyn Smith,alexandra53@ukr.net,2020-05-19,ukr.net
353,Morgan Jones,jaime36@ukr.net,2022-10-21,ukr.net
354,Theresa Adkins,simpsonkarina@ukr.net,2020-07-06,ukr.net
355,Travis Jensen,marygonzalez@yahoo.com,2020-05-02,yahoo.com
356,Samuel Lewis,phillip84@gmail.com,2020-02-06,gmail.com
357,Michael Anderson,sheastephen@hotmail.com,2020-07-04,hotmail.com
358,Amber Walter,yharris@yahoo.com,2020-05-15,yahoo.com
359,Jennifer Wilkins,devin79@outlook.com,2024-06-01,outlook.com
360,David Sanchez,willie82@outlook.com,2024-08-18,outlook.com
361,Danielle Fernandez,oreyes@yahoo.com,2022-05-02,yahoo.com
362,Cynthia Jennings,nicholsonrachel@gmail.com,2024-09-19,gmail.com
363,Barry Ramos,brucejohnson@example.io,2022-08-08,example.io
364,Jennifer Koch,catherineporter@hotmail.com,2022-06-24,hotmail.com
365,Matthew Calhoun,ssimpson@yahoo.com,2024-01-05,yahoo.com
366,Richard Simmons,wrightkristine@example.io,2023-11-01,example.io
367,John Gonzalez,preyes@outlook.com,2024-06-08,outlook.com
368,Walter Mills,donaldwood@mailbox.org,2021-10-08,mailbox.org
369,Savannah Gilbert,jamesphillips@gmail.com,2021-02-07,gmail.com
370,Aaron Christensen,stevensdavid@example.io,2022-06-18,example.io
371,Marissa Butler,theresafisher@hotmail.com,2023-04-21,hotmail.com
372,Christopher Webster,pvelez@hotmail.com,2023-11-01,hotmail.com
373,Robin Williamson,ashleyfitzpatrick@outlook.com,2024-01-06,outlook.com
374,Stephen Jones,desiree63@ukr.net,2021-05-26,ukr.net
375,Wendy Patterson,hayeslinda@hotmail.com,2022-07-14,hotmail.com
376,Lisa Olsen,sonya31@gmail.com,2020-03-29,gmail.com
377,Benjamin Campbell,michael21@ukr.net,2020-05-05,ukr.net
378,Elizabeth Allen,qmartinez@gmail.com,2021-05-20,gmail.com
379,Sarah Parrish,xsanchez@example.io,2024-01-30,example.io
380,Mr. Ronald Anderson Jr.,fgillespie@gmail.com,2023-09-13,gmail.com
381,James Roth,qgarcia@ukr.net,2024-01-03,ukr.net
382,Nicole Evans,linda15@outlook.com,2022-12-17,outlook.com
383,Theresa Marshall,johnsonzoe@ukr.net,2022-09-13,ukr.net
384,Dennis Holt,meredithdixon@hotmail.com,2022-11-08,hotmail.com
385,Alex Anderson,crossjennifer@outlook.com,2020-06-24,outlook.com
386,Cody Walker,kwheeler@mailbox.org,2021-06-21,mailbox.org
387,Kim Gonzalez,josephanderson@gmail.com,2021-04-10,gmail.com
388,Marcus Hall,nlopez@ukr.net,2020-03-25,ukr.net
389,Linda Trevino,melissa31@hotmail.com,2023-02-17,hotmail.com
390,Erika Kramer,dianemills@hotmail.com,2020-03-04,hotmail.com
391,Jamie Ryan,owest@yahoo.com,2023-09-03,yahoo.com
392,Olivia Parker,jose57@yahoo.com,2023-04-21,yahoo.com
393,Kenneth Perry,danieljoseph@ukr.net,2020-03-20,ukr.net
394,Maureen Brown,johnsoncory@hotmail.com,2022-03-16,hotmail.com
395,William Campbell,paulastewart@mailbox.org,2023-11-26,mailbox.org
396,Michael Baker,brett10@mailbox.org,2021-04-02,mailbox.org
397,Mikayla Santos,cardenaslori@mailbox.org,2021-08-30,mailbox.org
398,Terri Ruiz,matthew72@yahoo.com,2021-01-17,yahoo.com
399,Kathleen Perez,cmcfarland@ukr.net,2022-02-05,ukr.net
400,Jessica Hernandez,aaron91@example.io,2023-04-29,example.io
401,Kenneth Michael,williamphillips@outlook.com,2023-03-19,outlook.com
402,Diana White,collinsdavid@ukr.net,2022-08-04,ukr.net
403,Mary Lee,anncase@mailbox.org,2020-04-08,mailbox.org
404,Joseph Bright,christophermorrison@mailbox.org,2023-02-15,mailbox.org
405,Mr. Mark Campbell MD,jacksonanthony@example.io,2023-07-11,example.io
406,Andrew Carroll,lisasmith@hotmail.com,2022-10-29,hotmail.com
407,Laura Gutierrez,eugenekaufman@gmail.com,2023-07-08,gmail.com
408,Justin Hooper,benjamin51@yahoo.com,2020-02-05,yahoo.com
409,Damon Johnson,gerald88@yahoo.com,2023-06-18,yahoo.com
410,Diana Smith,martin62@ukr.net,2021-03-01,ukr.net
411,Jason Lopez,ebrown@gmail.com,2022-11-05,gmail.com
412,Julie Peters,angelaflores@hotmail.com,2022-09-24,hotmail.com
413,Michael Brandt,kathleenmartinez@ukr.net,2022-07-16,ukr.net
414,Melissa Lucas,william65@yahoo.com,2024-01-21,yahoo.com
415,Jose Carter,williamsstephanie@hotmail.com,2020-01-18,hotmail.com
416,Isaac Lindsey,jasonrobinson@hotmail.com,2021-11-25,hotmail.com
417,Lauren Miranda MD,josephcook@outlook.com,2024-02-15,outlook.com
418,Brandon Zimmerman,jeffery41@ukr.net,2022-06-02,ukr.net
419,Allen Welch,robertsrodney@example.io,2022-01-01,example.io
420,Deborah Black,langandrew@outlook.com,2023-11-18,outlook.com
421,Jennifer Schmidt,jordanpenny@example.io,2023-06-18,example.io
422,Joann Pace,danielpace@gmail.com,2021-01-09,gmail.com
423,Meghan Hall,shannon50@ukr.net,2023-05-24,ukr.net
424,Juan Sampson,javila@outlook.com,2021-03-08,outlook.com
425,Jessica Thomas,rjenkins@hotmail.com,2022-01-22,hotmail.com
426,Steven Young,kevinreese@gmail.com,2020-08-20,gmail.com
427,Kelly Willis,conniegarza@mailbox.org,2021-09-13,mailbox.org
428,Kelly Hernandez MD,edward27@ukr.net,2023-10-18,ukr.net
429,Karen Daniel,rebeccastrickland@mailbox.org,2024-03-07,mailbox.org
430,Matthew Obrien,brogers@yahoo.com,2024-01-20,yahoo.com
431,Michele Lloyd,ivance@hotmail.com,2022-05-24,hotmail.com
432,Matthew Knapp,jsolis@mailbox.org,2022-09-26,mailbox.org
433,Jennifer Hicks,sarah87@yahoo.com,2022-05-16,yahoo.com
434,Brent Pham,janice77@mailbox.org,2020-04-16,mailbox.org
435,Julie Liu,jerry54@ukr.net,2020-09-06,ukr.net
436,Victoria Thompson,zbrown@mailbox.org,2023-03-15,mailbox.org
437,William Hunt,holly09@yahoo.com,2020-01-16,yahoo.com
438,Gregory Parsons,wheelerrichard@gmail.com,2021-01-17,gmail.com
439,Joseph Ortiz,nmerritt@hotmail.com,2023-08-18,hotmail.com
440,Gregory Wilson,gregorywalters@example.io,2020-07-21,example.io
441,Kathy Franklin,clifford90@example.io,2024-05-16,example.io
442,Sheri King,zray@example.io,2021-08-08,example.io
443,Daniel Harris,wmorgan@example.io,2020-10-04,example.io
444,Christopher Aguilar,allisonrice@hotmail.com,2024-01-16,hotmail.com
445,Heidi Soto,odomjohn@gmail.com,2020-07-24,gmail.com
446,Lauren Welch,tiffanyjackson@outlook.com,2022-12-28,outlook.com
447,Richard Morris,hayleygriffin@hotmail.com,2020-11-04,hotmail.com
448,Jesus Schwartz,edward27@outlook.com,2020-09-15,outlook.com
449,James Thompson,bmccarty@ukr.net,2021-01-10,ukr.net
450,Austin Burton,jessejohnson@hotmail.com,2020-08-08,hotmail.com
451,Brian Garcia,richardperez@mailbox.org,2021-08-27,mailbox.org
452,Nicholas Brewer,michaelmurphy@outlook.com,2021-01-21,outlook.com
453,William Rasmussen,emily19@mailbox.org,2022-07-08,mailbox.org
454,Brianna Rice,zparker@yahoo.com,2021-02-20,yahoo.com
455,Kelly Schultz,lallen@ukr.net,2021-02-18,ukr.net
456,Paula Richardson,freemanchristopher@hotmail.com,2022-07-20,hotmail.com
457,Scott Rowland,sfowler@outlook.com,2022-07-20,outlook.com
458,Brenda Goodman,welchrichard@yahoo.com,2020-09-15,yahoo.com
459,Jacob Harris,ethan76@example.io,2020-01-09,example.io
460,Maria Bond,scott27@yahoo.com,2020-07-29,yahoo.com
461,Brian Odonnell,lgilbert@mailbox.org,2021-02-05,mailbox.org
462,William Robertson,kday@hotmail.com,2022-01-01,hotmail.com
463,Jose Carney,jacobgarcia@yahoo.com,2021-02-16,yahoo.com
464,Matthew Christensen,dustincrosby@ukr.net,2021-02-14,ukr.net
465,Dr. Sara Long,xavierhanna@example.io,2020-01-12,example.io
466,John Warner,michaelburgess@gmail.com,2020-09-12,gmail.com
467,Jessica Shepard,tblake@gmail.com,2023-05-12,gmail.com
468,Paige Reyes,joseph02@ukr.net,2021-04-13,ukr.net
469,Justin Leonard,pcastillo@ukr.net,2021-05-02,ukr.net
470,David Williams,grimesbrendan@yahoo.com,2024-08-05,yahoo.com
471,Lisa Hart,cantumichelle@mailbox.org,2020-11-15,mailbox.org
472,Jacob Collins,mramirez@mailbox.org,2021-02-06,mailbox.org
473,Eileen Dominguez,jacquelinesmith@mailbox.org,2022-09-21,mailbox.org
474,Andrew Cisneros,amber89@outlook.com,2020-04-02,outlook.com
475,Breanna Hart,chloe23@outlook.com,2023-08-18,outlook.com
476,Laura Shaw MD,jturner@mailbox.org,2020-09-08,mailbox.org
477,Natalie Bush,pricedrew@outlook.com,2023-05-06,outlook.com
478,Andrea Pearson,annamartinez@mailbox.org,2023-07-06,mailbox.org
479,Alexandra Roberts,walshalexander@gmail.com,2020-09-21,gmail.com
480,Mark Jordan,romerobriana@gmail.com,2021-10-17,gmail.com
481,Dylan Jackson,alexandramills@yahoo.com,2022-04-17,yahoo.com
482,Matthew Nichols,amberedwards@hotmail.com,2022-09-04,hotmail.com
483,Brandon Warren,ufitzpatrick@mailbox.org,2022-12-22,mailbox.org
484,Matthew Garcia,ronald69@example.io,2020-08-01,example.io
485,Travis Richardson,jcabrera@yahoo.com,2020-01-14,yahoo.com
486,Cassandra Collins,ybates@outlook.com,2020-03-02,outlook.com
487,Cheryl Mckee,mguzman@ukr.net,2023-10-11,ukr.net
488,James Evans,tylernelson@example.io,2020-01-11,example.io
489,Leslie Meyer,margaret60@yahoo.com,2020-04-30,yahoo.com
490,Lindsay Bryant,ernest74@hotmail.com,2022-03-02,hotmail.com
491,Brian Griffin,ocruz@yahoo.com,2022-06-11,yahoo.com
492,David Blair,melissa45@hotmail.com,2022-09-28,hotmail.com
493,Wayne Wiggins,ellenmartinez@ukr.net,2021-02-19,ukr.net
494,Carly Anderson,kimberly92@yahoo.com,2023-03-08,yahoo.com
495,Katie Hoffman,tdiaz@mailbox.org,2020-07-17,mailbox.org
496,Thomas Brown,powelltammy@outlook.com,2023-08-14,outlook.com
497,Lawrence Tate,noah99@hotmail.com,2024-04-28,hotmail.com
498,Linda Meyer,amy26@yahoo.com,2022-12-23,yahoo.com
499,Ryan Stanley,wardryan@gmail.com,2021-06-18,gmail.com
500,Carlos Maxwell,lopezmarc@hotmail.com,2021-07-20,hotmail.com
501,Dana Sandoval,matthewhart@outlook.com,2021-09-23,outlook.com
502,Dustin Martinez,jessicaedwards@outlook.com,2022-12-02,outlook.com
503,Laura Gray,alyssagordon@gmail.com,2022-08-30,gmail.com
504,Justin Mcclain,nicole59@mailbox.org,2024-04-03,mailbox.org
505,Susan Sullivan,clinton04@outlook.com,2021-03-26,outlook.com
506,Kristen Mccarthy,kkrause@yahoo.com,2021-06-01,yahoo.com
507,Derek Hahn,dgonzalez@gmail.com,2021-11-01,gmail.com
508,Jeffrey Nichols,lovejill@yahoo.com,2023-03-04,yahoo.com
509,Jeremy Bennett,carmen73@hotmail.com,2020-11-02,hotmail.com
510,Jamie Harris,hernandezbarbara@yahoo.com,2023-11-24,yahoo.com
511,Pamela Perez,hpham@hotmail.com,2023-03-07,hotmail.com
512,Gregory Cole,mirandasarah@yahoo.com,2021-02-11,yahoo.com
513,Michael Hoffman,watsonwilliam@gmail.com,2023-02-08,gmail.com
514,Rebecca Allen,pandrade@ukr.net,2021-01-26,ukr.net
515,Brett Williams,aaron53@example.io,2022-02-14,example.io
516,Connor Lewis,marissaphillips@ukr.net,2023-02-09,ukr.net
517,Peter Black,juliethompson@yahoo.com,2024-05-05,yahoo.com
518,Susan Landry,sellis@ukr.net,2022-09-03,ukr.net
519,Jeffrey Russell,hartmanjohn@ukr.net,2021-08-23,ukr.net
520,Katherine Brown,wflores@gmail.com,2021-04-16,gmail.com
521,Jeffrey Huffman,karenwhite@mailbox.org,2021-01-20,mailbox.org
522,Jose Castro,obrown@yahoo.com,2024-08-09,yahoo.com
523,Amber Cabrera,pcarey@gmail.com,2024-06-16,gmail.com
524,Robert Espinoza,awatson@outlook.com,2022-09-03,outlook.com
525,Glenn Walsh Jr.,jenniferbrooks@hotmail.com,2021-03-02,hotmail.com
526,Travis Mcgrath,thill@example.io,2021-09-13,example.io
527,Jeffery Anderson,nancy28@outlook.com,2022-12-11,outlook.com
528,Danielle Mcguire,nglover@gmail.com,2023-06-21,gmail.com
529,Wendy Harris,pearsonmckenzie@mailbox.org,2024-04-05,mailbox.org
530,Thomas Cross,christensenjessica@hotmail.com,2020-08-09,hotmail.com
531,Maria Phillips,owells@example.io,2022-01-20,example.io
532,Debra Anderson,holly12@mailbox.org,2020-01-19,mailbox.org
533,Nathaniel Rush,harriscaleb@outlook.com,2023-02-14,outlook.com
534,Crystal Morgan,nicoleponce@example.io,2023-11-17,example.io
535,Sarah English,eskinner@example.io,2023-11-09,example.io
536,Sarah Dennis,josephpowers@hotmail.com,2021-02-23,hotmail.com
537,George Martin,campbellnancy@gmail.com,2020-09-10,gmail.com
538,Terry Schmitt,beardbrian@hotmail.com,2021-06-14,hotmail.com
539,Angela Brown,xsellers@outlook.com,2023-12-12,outlook.com
540,David Powell,melanieschwartz@ukr.net,2021-10-21,ukr.net
541,Walter Wallace,pstewart@gmail.com,2021-03-30,gmail.com
542,John Bell,patricklong@yahoo.com,2020-05-18,yahoo.com
543,Benjamin Moore,brendahartman@outlook.com,2022-12-21,outlook.com
544,Judy Giles,connerallison@example.io,2024-06-11,example.io
545,Brittany Alvarez,victorhiggins@ukr.net,2023-05-11,ukr.net
546,Donna Hale,jasmine32@outlook.com,2022-02-19,outlook.com
547,Katie Jones,djohnson@gmail.com,2022-05-07,gmail.com
548,Joseph Moyer,gonzalezdominic@mailbox.org,2021-11-02,mailbox.org
549,Crystal Hughes,uyoung@ukr.net,2020-06-13,ukr.net
550,Desiree Mcgee,dominique98@gmail.com,2020-11-18,gmail.com
551,Kevin Palmer,taylortodd@yahoo.com,2024-05-09,yahoo.com
552,Joshua Thompson,franklin81@ukr.net,2023-12-31,ukr.net
553,Dr. Sandra Myers,obarnes@ukr.net,2022-04-30,ukr.net
554,Rachel Mccall,charles38@gmail.com,2020-05-14,gmail.com
555,Paula Lucas,joseph38@yahoo.com,2022-11-16,yahoo.com
556,Corey Hernandez,zperez@gmail.com,2020-03-24,gmail.com
557,Harold Lopez,maxwellmatthew@ukr.net,2023-11-24,ukr.net
558,Vanessa Allen,rachel47@example.io,2021-09-02,example.io
559,Brittney Jackson,qturner@mailbox.org,2023-04-03,mailbox.org
560,Joshua Gonzalez,sjohnson@mailbox.org,2024-07-26,mailbox.org
561,Kevin Stanton,kendra17@yahoo.com,2021-09-25,yahoo.com
562,Catherine Landry,campbellmatthew@outlook.com,2021-11-21,outlook.com
563,Jeffrey Ryan,tjames@gmail.com,2020-04-07,gmail.com
564,Erika Hopkins,normantiffany@gmail.com,2023-09-24,gmail.com
565,Melissa Scott MD,jessica29@outlook.com,2021-01-13,outlook.com
566,Amanda King,ojohnson@mailbox.org,2024-01-13,mailbox.org
567,Jacob Jefferson,alexandracalderon@mailbox.org,2023-05-02,mailbox.org
568,Nicole Smith,harrisheather@gmail.com,2022-10-07,gmail.com
569,Shane Durham,david27@hotmail.com,2020-04-29,hotmail.com
570,Jason Vega,vbryant@example.io,2020-09-12,example.io
571,Mark Compton,ericjones@mailbox.org,2022-11-19,mailbox.org
572,Mary Allen,millertyler@hotmail.com,2021-03-18,hotmail.com
573,Natalie Bryant,tavila@outlook.com,2020-03-28,outlook.com
574,Kyle Collins,fwyatt@ukr.net,2022-11-18,ukr.net
575,Jessica Smith,jimenezthomas@gmail.com,2021-11-15,gmail.com
576,Sarah Fisher,uhouston@ukr.net,2024-02-07,ukr.net
577,Summer Wilson,mgreen@outlook.com,2023-03-06,outlook.com
578,Rhonda Mckinney DVM,paula29@hotmail.com,2022-01-27,hotmail.com
579,Brandon Patrick,jacksonariel@hotmail.com,2021-06-25,hotmail.com
580,Debra Rodriguez,donald33@mailbox.org,2024-10-21,mailbox.org
581,Emily Benjamin,wattschristopher@hotmail.com,2023-10-27,hotmail.com
582,Joseph Morgan,perezbreanna@outlook.com,2024-08-12,outlook.com
583,Tara Powell,kevinrichardson@mailbox.org,2024-04-21,mailbox.org
584,David Higgins,nferguson@yahoo.com,2022-09-29,yahoo.com
585,Christopher Fitzgerald,imiller@outlook.com,2022-01-26,outlook.com
586,Scott Perry,leahmercado@outlook.com,2023-09-11,outlook.com
587,Timothy Hoover,amandarobinson@yahoo.com,2022-09-18,yahoo.com
588,Philip Cantrell,jared43@ukr.net,2022-10-21,ukr.net
589,Kathleen Wolf,johnjoyce@outlook.com,2024-09-13,outlook.com
590,Rachel Thomas,brian99@example.io,2020-01-06,example.io
591,Troy Cole,hooverjustin@gmail.com,2022-07-18,gmail.com
592,Bradley Richardson,matthewmoran@hotmail.com,2024-07-24,hotmail.com
593,Susan Lopez,fmyers@yahoo.com,2023-01-03,yahoo.com
594,Jeremiah Lamb,gramirez@gmail.com,2024-02-12,gmail.com
595,Gabriel Williamson,boothamanda@mailbox.org,2021-02-08,mailbox.org
596,Brian Luna,davisthomas@example.io,2023-01-23,example.io
597,Gary Burgess,david98@gmail.com,2024-05-29,gmail.com
598,Christine Hogan,clarkedean@example.io,2020-10-30,example.io
599,Nicholas Johnson,qsparks@ukr.net,2024-02-01,ukr.net
600,Benjamin Jenkins,yscott@yahoo.com,2023-03-15,yahoo.com
601,Thomas Delacruz,margaret36@mailbox.org,2022-07-15,mailbox.org
602,Samuel Rose,xreese@gmail.com,2020-09-01,gmail.com
603,Brent Garcia,garciaruben@outlook.com,2022-02-05,outlook.com
604,Stacy Wolf,tcook@mailbox.org,2022-12-04,mailbox.org
605,Leonard Davis,jeffrey70@outlook.com,2022-01-10,outlook.com
606,Connie Frye,nwest@example.io,2023-07-17,example.io
607,Wendy Bryant,rebecca48@example.io,2020-05-26,example.io
608,Carol Sweeney,gjones@hotmail.com,2021-06-30,hotmail.com
609,Danielle Shea,jasonmoran@example.io,2021-02-18,example.io
610,Michael Kim,lturner@hotmail.com,2021-02-01,hotmail.com
611,Kevin Johnson,tamara62@gmail.com,2020-09-09,gmail.com
612,Dr. Brandon Chambers,burtoneric@ukr.net,2021-01-22,ukr.net
613,Zachary Bradford,stacy47@yahoo.com,2023-09-09,yahoo.com
614,Jeffery Todd,ddavis@gmail.com,2021-04-26,gmail.com
615,Lisa Grant,elizabeth38@outlook.com,2021-07-01,outlook.com
616,Olivia Strong,mferguson@ukr.net,2024-03-30,ukr.net
617,Joshua Kelly,noah14@hotmail.com,2022-10-08,hotmail.com
618,David Wood,jameswu@ukr.net,2024-03-06,ukr.net
619,Jacob Atkins,kenneth34@mailbox.org,2023-09-16,mailbox.org
620,Briana King,stephanieshaw@yahoo.com,2023-02-04,yahoo.com
621,Valerie Perez,monique20@outlook.com,2022-02-26,outlook.com
622,Nicholas Diaz,nsmith@example.io,2022-01-21,example.io
623,Christopher Williams,rosscarol@yahoo.com,2021-10-13,yahoo.com
624,Jared Wilson,bhernandez@outlook.com,2020-09-08,outlook.com
625,Jamie Mcbride,fsanchez@example.io,2020-07-18,example.io
626,Maria Parks,michael62@mailbox.org,2021-10-10,mailbox.org
627,Michaela Marks,josephgoodwin@outlook.com,2020-11-01,outlook.com
628,Felicia Schroeder,dillontammie@gmail.com,2020-04-02,gmail.com
629,Lindsey Lowe,brent44@hotmail.com,2024-05-16,hotmail.com
630,Melissa Hernandez,astewart@hotmail.com,2020-08-03,hotmail.com
631,Carrie Taylor,dscott@outlook.com,2023-08-12,outlook.com
632,Joseph Munoz MD,margaretrussell@outlook.com,2024-03-24,outlook.com
633,Douglas Carpenter,michaelbrady@ukr.net,2022-12-21,ukr.net
634,Rose Peters MD,fwilliams@ukr.net,2020-07-08,ukr.net
635,Elizabeth Christian,whitneylynch@gmail.com,2023-12-29,gmail.com
636,Jeremy Cook,katie30@ukr.net,2020-12-28,ukr.net
637,James Campbell,david61@mailbox.org,2023-02-03,mailbox.org
638,Brandon Boone,padillajames@yahoo.com,2021-11-14,yahoo.com
639,Gary Nguyen,riveradavid@mailbox.org,2021-04-06,mailbox.org
640,Courtney Chapman,nathan48@outlook.com,2023-02-28,outlook.com
641,Karina Oconnell,kevin25@hotmail.com,2020-04-26,hotmail.com
642,Desiree Santiago,wilkinshannah@yahoo.com,2021-05-19,yahoo.com
643,Amber Garcia,faith41@outlook.com,2021-12-28,outlook.com
644,Michael Valdez,uhernandez@hotmail.com,2024-09-20,hotmail.com
645,Jessica Vargas,courtneymueller@ukr.net,2021-06-30,ukr.net
646,Paul Ramos,debrastewart@ukr.net,2022-04-07,ukr.net
647,Andrew Williams,tiffany53@gmail.com,2020-03-29,gmail.com
648,Lisa Russell,brianhall@ukr.net,2020-10-28,ukr.net
649,Erica Pacheco,idean@outlook.com,2021-07-02,outlook.com
650,Ms. Sherry Alvarez,davidjohnson@gmail.com,2020-12-26,gmail.com
651,Karen Morgan,lucaswilliam@hotmail.com,2023-12-30,hotmail.com
652,Derek Williamson DDS,campbellpatricia@outlook.com,2022-11-16,outlook.com
653,Charles Brown,ballardbrenda@mailbox.org,2024-09-05,mailbox.org
654,Samuel Smith,marc95@ukr.net,2023-11-11,ukr.net
655,Tina Long,stephanieflowers@mailbox.org,2023-01-25,mailbox.org
656,Linda Campbell,hodgesjennifer@ukr.net,2023-10-26,ukr.net
657,David Gray,rachel12@yahoo.com,2020-12-20,yahoo.com
658,Heather Massey,ginabennett@hotmail.com,2020-06-06,hotmail.com
659,Rachel Rojas,kzavala@yahoo.com,2020-05-02,yahoo.com
660,Amy Thompson,lewisrita@hotmail.com,2024-07-31,hotmail.com
661,Mr. Leonard Clark,shannon32@gmail.com,2024-06-19,gmail.com
662,Leslie Robinson,kimberlyshepherd@yahoo.com,2023-11-04,yahoo.com
663,Jennifer Pierce,ihoward@mailbox.org,2020-05-10,mailbox.org
664,Felicia Frazier,imaxwell@outlook.com,2023-07-30,outlook.com
665,Thomas Vasquez,rnewman@gmail.com,2020-09-30,gmail.com
666,Patrick Martin,emily32@mailbox.org,2023-10-16,mailbox.org
667,Paula Rivers,milleremily@outlook.com,2022-07-19,outlook.com
668,Alexander Saunders,jessica15@gmail.com,2022-11-02,gmail.com
669,Nicholas Smith,reedzachary@gmail.com,2024-05-06,gmail.com
670,John Cardenas,lsmith@example.io,2020-02-21,example.io
671,Kayla Johnson,pooletara@yahoo.com,2021-06-14,yahoo.com
672,Sarah Howard,samantha21@mailbox.org,2022-11-11,mailbox.org
673,Stacey Williams,wayne11@yahoo.com,2022-11-14,yahoo.com
674,Donald Rios,velasquezsandra@hotmail.com,2024-08-13,hotmail.com
675,Henry Kline,williamstracey@example.io,2023-03-11,example.io
676,Brandon Bowers,emorgan@ukr.net,2022-11-23,ukr.net
677,Stephen Moran,kelsey72@example.io,2020-09-26,example.io
678,Katherine Foster,christine36@ukr.net,2020-02-04,ukr.net
679,William Harris,qjohnson@ukr.net,2024-10-09,ukr.net
680,Matthew Bailey,robertvaldez@mailbox.org,2021-10-02,mailbox.org
681,Deborah Esparza,waltercarolyn@outlook.com,2023-01-25,outlook.com
682,Jeffrey Hogan,pcox@hotmail.com,2022-12-20,hotmail.com
683,Bradley Taylor,rodriguezkatie@hotmail.com,2024-08-12,hotmail.com
684,Stephen Walsh,jvillanueva@hotmail.com,2023-01-06,hotmail.com
685,Cheryl Rodriguez,lambregina@hotmail.com,2021-03-22,hotmail.com
686,Erika Jenkins,wbenson@outlook.com,2023-01-20,outlook.com
687,Cynthia Harris,vgarrett@hotmail.com,2020-07-24,hotmail.com
688,Nathaniel Taylor,zthompson@yahoo.com,2022-07-12,yahoo.com
689,Michele Cruz,ronniepowers@example.io,2020-11-01,example.io
690,Wanda Shelton,awarren@mailbox.org,2021-11-10,mailbox.org
691,Emma Carter,paulamerritt@gmail.com,2023-02-21,gmail.com
692,Andrea Cameron,hchandler@yahoo.com,2021-03-29,yahoo.com
693,Kevin Frye,andersonkathleen@mailbox.org,2022-07-05,mailbox.org
694,Kayla Dalton,joan09@gmail.com,2021-11-02,gmail.com
695,Daniel Tucker,thall@gmail.com,2020-04-19,gmail.com
696,Carl Stevens,taylortyler@example.io,2021-07-21,example.io
697,Eric Martinez,gproctor@hotmail.com,2023-02-11,hotmail.com
698,Matthew Walker,trandeborah@ukr.net,2021-01-20,ukr.net
699,Barbara Kim,terrence42@yahoo.com,2022-08-31,yahoo.com
700,Alice Wilcox,heather91@example.io,2021-04-17,example.io
701,Crystal Lopez,ramseymary@example.io,2023-07-26,example.io
702,Robert Meadows,mbarrett@ukr.net,2023-04-02,ukr.net
703,Daniel Thomas,pauljustin@yahoo.com,2021-06-20,yahoo.com
704,Valerie Romero,ijones@example.io,2022-08-12,example.io
705,Christopher Espinoza,kellerjames@hotmail.com,2022-11-03,hotmail.com
706,Travis Perez,fullerdennis@mailbox.org,2020-08-22,mailbox.org
707,Abigail Cook,clinton07@mailbox.org,2020-09-15,mailbox.org
708,Pamela Odom,julie40@yahoo.com,2024-09-09,yahoo.com
709,Ms. Lisa Kennedy,lmitchell@ukr.net,2021-03-20,ukr.net
710,Stephen Jackson,nicolaslittle@example.io,2020-01-13,example.io
711,Joshua Martinez,anthony24@example.io,2023-10-10,example.io
712,Gabriela Hobbs,wernermelissa@yahoo.com,2024-06-23,yahoo.com
713,Kelly Sullivan,dominique05@outlook.com,2020-09-21,outlook.com
714,Jessica Davis,stacysimpson@hotmail.com,2022-07-21,hotmail.com
715,Autumn Chapman,dana42@hotmail.com,2020-06-13,hotmail.com
716,Matthew Butler,ethompson@outlook.com,2021-08-06,outlook.com
717,Sean Beck,wilsonryan@outlook.com,2024-01-31,outlook.com
718,Cristian Christensen,deborah98@example.io,2024-06-15,example.io
719,Cheryl Hines,millerjessica@outlook.com,2022-03-19,outlook.com
720,Carolyn Harris,laurawoods@example.io,2023-06-15,example.io
721,Caleb Evans,douglashayes@outlook.com,2022-06-28,outlook.com
722,Christopher Burnett,griffithsharon@mailbox.org,2022-12-18,mailbox.org
723,David Robinson,james14@hotmail.com,2021-08-12,hotmail.com
724,Ann Vasquez,alanspencer@mailbox.org,2024-09-22,mailbox.org
725,Thomas Gray,michelle47@example.io,2023-06-22,example.io
726,Michael Marshall,aliciawright@yahoo.com,2023-05-25,yahoo.com
727,Mia Larson,alex45@yahoo.com,2020-09-07,yahoo.com
728,Andrew Woodward,cookjoshua@yahoo.com,2021-10-25,yahoo.com
729,Ashley Hawkins,amy97@mailbox.org,2022-04-15,mailbox.org
730,Michael Johnson,sara47@outlook.com,2021-06-21,outlook.com
731,Rachel Holmes,ebennett@ukr.net,2024-02-09,ukr.net
732,Alexandria Sanchez,dennisthomas@outlook.com,2023-04-19,outlook.com
733,Kayla Powell,heather13@hotmail.com,2024-09-04,hotmail.com
734,Richard Kennedy,perezchristopher@gmail.com,2021-02-26,gmail.com
735,Robert Moore,lisa74@gmail.com,2023-11-13,gmail.com
736,Kimberly Guerrero,psanchez@ukr.net,2022-05-29,ukr.net
737,Carla Watson,brittanyscott@yahoo.com,2024-10-02,yahoo.com
738,Jennifer Jenkins,ashleywilliams@outlook.com,2024-05-25,outlook.com
739,Dustin Holland,marylam@mailbox.org,2022-10-09,mailbox.org
740,Gene Solomon,ramirezmelissa@hotmail.com,2022-03-05,hotmail.com
741,Brandon Oconnor,leestefanie@outlook.com,2023-03-29,outlook.com
742,Gordon Hickman,martinbrenda@mailbox.org,2020-11-02,mailbox.org
743,Carrie Howell,johnssamantha@yahoo.com,2020-02-25,yahoo.com
744,Jacob Cain,changshawna@mailbox.org,2020-08-25,mailbox.org
745,Randy Macias,todd90@gmail.com,2023-04-25,gmail.com
746,David Cruz,shenry@outlook.com,2020-08-30,outlook.com
747,Jeffrey Wood,schneideramanda@outlook.com,2023-03-09,outlook.com
748,Cynthia Fleming,brianrodriguez@mailbox.org,2022-08-04,mailbox.org
749,Nathaniel Castillo,ritterterri@mailbox.org,2023-02-26,mailbox.org
750,Danielle Smith,ttaylor@yahoo.com,2020-10-24,yahoo.com
751,Brian Thomas,taylorsara@example.io,2022-12-30,example.io
752,Dennis Smith,sabrina32@yahoo.com,2020-10-28,yahoo.com
753,Patricia Anderson,jacquelinemiller@ukr.net,2021-12-11,ukr.net
754,Robert David,smithangela@gmail.com,2022-03-13,gmail.com
755,Austin Waters,gene35@hotmail.com,2020-01-30,hotmail.com
756,Kathleen Anderson,nathanstewart@gmail.com,2022-03-15,gmail.com
757,Maria Porter,justin28@outlook.com,2022-02-01,outlook.com
758,Patricia Munoz,buckleyrichard@hotmail.com,2024-09-30,hotmail.com
759,Lauren Byrd,manuelmurray@example.io,2020-08-24,example.io
760,Roberta Vaughn,scottmitchell@yahoo.com,2020-04-25,yahoo.com
761,Dana Smith,leahwright@example.io,2021-12-18,example.io
762,Jack Hernandez,jennifer60@mailbox.org,2023-12-09,mailbox.org
763,Helen Welch,deborahaguilar@mailbox.org,2023-11-26,mailbox.org
764,Jennifer Whitaker,ronnie52@ukr.net,2020-06-29,ukr.net
765,Nathan Sanchez,uallen@ukr.net,2022-07-13,ukr.net
766,Joshua Li,garciabrady@gmail.com,2022-06-11,gmail.com
767,Tony Russell,rphillips@yahoo.com,2021-10-28,yahoo.com
768,Michael Gallagher,jerryrichards@hotmail.com,2022-06-30,hotmail.com
769,Paula Fischer,eric82@ukr.net,2021-10-03,ukr.net
770,Heather Owens,debra55@hotmail.com,2020-05-22,hotmail.com
771,Donna Johnson,tuckerbrandi@gmail.com,2022-10-17,gmail.com
772,Jennifer Ramirez,laurapoole@outlook.com,2022-03-04,outlook.com
773,Christopher Key,marissaallen@ukr.net,2022-05-14,ukr.net
774,Christine Garcia,xbuchanan@hotmail.com,2020-03-31,hotmail.com
775,Sarah Gonzales,bondapril@gmail.com,2022-12-09,gmail.com
776,Danielle Hood,atkinsonamber@ukr.net,2020-01-05,ukr.net
777,Jenny Johnson,yreese@yahoo.com,2022-07-10,yahoo.com
778,George Conner,danielgonzalez@example.io,2024-07-15,example.io
779,Gregory Austin,andres67@gmail.com,2021-07-09,gmail.com
780,Valerie Turner,dannywilliams@gmail.com,2022-11-02,gmail.com
781,Donald Johnson,tjuarez@hotmail.com,2022-12-15,hotmail.com
782,Nicholas Ross,lisa99@yahoo.com,2022-04-21,yahoo.com
783,Christopher Manning,zmason@gmail.com,2020-11-04,gmail.com
784,Lisa Nguyen,jennifer12@yahoo.com,2021-10-18,yahoo.com
785,Taylor Ford,nicholas13@outlook.com,2021-01-20,outlook.com
786,Judith Palmer,martinsally@ukr.net,2021-06-14,ukr.net
787,Kimberly Allen,michael26@mailbox.org,2023-07-02,mailbox.org
788,Catherine Frazier,malonegabriel@yahoo.com,2021-11-27,yahoo.com
789,Juan Garcia,greenleslie@mailbox.org,2024-07-02,mailbox.org
790,Peter Frazier,aguilarchristine@example.io,2020-06-05,example.io
791,Natalie Sims,armstrongwilliam@ukr.net,2021-04-30,ukr.net
792,Timothy Thomas,fdennis@outlook.com,2023-04-21,outlook.com
793,Tyler Brown,dana22@ukr.net,2022-05-08,ukr.net
794,Christopher Berger,rogerwhitehead@yahoo.com,2024-01-20,yahoo.com
795,Jennifer Medina,louishamilton@gmail.com,2023-05-25,gmail.com
796,Donna Cox,amandaellis@mailbox.org,2022-03-22,mailbox.org
797,Elaine Robinson,sarataylor@mailbox.org,2024-07-29,mailbox.org
798,Sandra Christian,gregory53@hotmail.com,2020-05-06,hotmail.com
799,Austin Oneill,linda80@mailbox.org,2020-07-07,mailbox.org
800,Laura Lang,flynncrystal@ukr.net,2021-03-11,ukr.net
801,Lindsey Santos,sharon30@mailbox.org,2021-03-12,mailbox.org
802,Walter Murphy,hyu@example.io,2020-12-06,example.io
803,Danny Rios,johnlang@hotmail.com,2021-07-28,hotmail.com
804,Thomas Anderson,mclaughlintamara@yahoo.com,2022-04-29,yahoo.com
805,Adrian Hernandez,melissahayes@hotmail.com,2023-06-11,hotmail.com
806,Phillip Jones,elizabethmartinez@outlook.com,2023-09-03,outlook.com
807,Wyatt Ortiz,schneiderbrandon@outlook.com,2021-05-23,outlook.com
808,William Smith,rachelrandall@yahoo.com,2022-10-01,yahoo.com
809,William Moore,crystal33@example.io,2020-06-03,example.io
810,Scott Herrera,sparksrachel@ukr.net,2020-05-30,ukr.net
811,Dustin Dawson,royjerome@mailbox.org,2023-06-24,mailbox.org
812,Bobby Ingram,susan20@ukr.net,2022-11-15,ukr.net
813,Anthony Kelly,jacksonjohn@gmail.com,2023-08-07,gmail.com
814,Joyce Ellison,hollytaylor@outlook.com,2021-10-04,outlook.com
815,Christina Evans,smithandrew@mailbox.org,2022-10-18,mailbox.org
816,Mr. Gregory Charles,cynthia39@mailbox.org,2022-03-10,mailbox.org
817,Mr. Adam Bailey,martinezcheryl@mailbox.org,2023-01-12,mailbox.org
818,John Fletcher,reeveschristine@gmail.com,2020-04-30,gmail.com
819,Sara Ellison,ramosaustin@yahoo.com,2020-10-12,yahoo.com
820,Kenneth Mullen,iwilliams@mailbox.org,2024-01-11,mailbox.org
821,Rodney Baxter,psosa@example.io,2020-02-01,example.io
822,Gary Fuller,jeremy78@outlook.com,2023-02-22,outlook.com
823,Christine Harris,castillobarbara@hotmail.com,2020-10-28,hotmail.com
824,Melanie Kent,nicolecrawford@example.io,2022-09-16,example.io
825,Cheryl Alvarez,pgonzalez@ukr.net,2021-10-19,ukr.net
826,Sergio Davis,richard31@example.io,2021-01-10,example.io
827,Hayden Patton,wilsonsarah@mailbox.org,2023-07-29,mailbox.org
828,Michael Drake,ycoleman@gmail.com,2024-04-15,gmail.com
829,Miss Cindy David DDS,wrightadam@outlook.com,2021-09-27,outlook.com
830,Wendy Larson,garciarobert@example.io,2020-06-03,example.io
831,Mrs. Chelsea Baird MD,tramos@outlook.com,2022-10-08,outlook.com
832,Susan Fitzpatrick,tina11@outlook.com,2020-12-26,outlook.com
833,Laura Duffy,djames@gmail.com,2022-08-17,gmail.com
834,Ariana Scott,rdavis@hotmail.com,2023-11-24,hotmail.com
835,David Garcia,reyesalexander@gmail.com,2021-03-13,gmail.com
836,John Kramer,hernandezstephen@yahoo.com,2022-04-07,yahoo.com
837,Christy Jordan,igreene@gmail.com,2023-01-15,gmail.com
838,Laura Moore,rodriguezcindy@hotmail.com,2021-02-08,hotmail.com
839,Sherry Berger,ppatel@ukr.net,2022-07-22,ukr.net
840,Mark Burch,lawsonsarah@ukr.net,2021-02-01,ukr.net
841,Daniel Lopez,wendy11@example.io,2024-07-21,example.io
842,Kevin Joyce,ana84@mailbox.org,2021-08-03,mailbox.org
843,Charles Park,nicholas48@ukr.net,2021-02-16,ukr.net
844,Brandon Hayes,robbinsdaniel@mailbox.org,2021-11-22,mailbox.org
845,Monica Wood,zachary34@yahoo.com,2023-09-03,yahoo.com
846,Arthur Hunter,petersnicholas@mailbox.org,2023-07-20,mailbox.org
847,Kayla Carroll,dberger@mailbox.org,2020-09-03,mailbox.org
848,Mitchell Williams,bpope@outlook.com,2022-12-12,outlook.com
849,Brittany Lee,shawnskinner@mailbox.org,2021-08-07,mailbox.org
850,Jean Conley,dgraves@gmail.com,2022-08-02,gmail.com
851,Lindsay Mcdonald,williamsmichael@gmail.com,2022-09-05,gmail.com
852,John Cook,william55@ukr.net,2022-11-19,ukr.net
853,Micheal Padilla,martharhodes@gmail.com,2020-10-11,gmail.com
854,Andrew Potter,pierceryan@mailbox.org,2024-07-22,mailbox.org
855,Hannah Campbell,sarahdavis@mailbox.org,2022-04-28,mailbox.org
856,Christopher Collins,obennett@ukr.net,2023-09-08,ukr.net
857,Amanda Calderon,brian12@yahoo.com,2024-05-10,yahoo.com
858,Tanya Glenn,bnorton@ukr.net,2020-02-12,ukr.net
859,Melissa Arnold,brian06@yahoo.com,2024-09-08,yahoo.com
860,James Brown,smithphillip@outlook.com,2021-04-08,outlook.com
861,Sharon Macias MD,russellkathryn@ukr.net,2023-05-04,ukr.net
862,Amber Snyder,andersonsara@yahoo.com,2020-06-21,yahoo.com
863,Melanie Liu,lesliemonroe@gmail.com,2020-06-13,gmail.com
864,Carla Terry,martinwayne@example.io,2021-06-14,example.io
865,David Baker,sydney63@hotmail.com,2023-08-22,hotmail.com
866,Christopher Leonard,scottwoodard@hotmail.com,2020-12-06,hotmail.com
867,Ryan Gibson,eugene37@mailbox.org,2024-03-25,mailbox.org
868,Jeffrey Garcia,davisalex@ukr.net,2022-02-04,ukr.net
869,Erika Burke,hannah51@hotmail.com,2021-08-05,hotmail.com
870,Rachael Carlson,michelle88@hotmail.com,2021-06-11,hotmail.com
871,Kelsey Frost,derrick84@yahoo.com,2021-09-09,yahoo.com
872,Roberta Thomas,vincentjennifer@example.io,2023-04-06,example.io
873,Abigail Barnes,morgan33@yahoo.com,2024-08-05,yahoo.com
874,Brandon Willis,blanchardsamuel@hotmail.com,2023-08-30,hotmail.com
875,Jonathan Lopez,herrerabeth@hotmail.com,2022-01-07,hotmail.com
876,Jennifer Douglas,michaelmclaughlin@mailbox.org,2020-08-17,mailbox.org
877,Justin Wagner,sydney18@gmail.com,2021-05-28,gmail.com
878,Madeline Gray,vanessachavez@mailbox.org,2023-12-09,mailbox.org
879,Barbara Mcmillan,eoconnor@example.io,2021-02-05,example.io
880,Jill Pena,jamessullivan@mailbox.org,2022-01-26,mailbox.org
881,Bruce Garcia,patricia67@example.io,2020-03-14,example.io
882,Catherine Green,daniellerandall@example.io,2023-04-25,example.io
883,Christy Ramirez,garynunez@yahoo.com,2022-07-14,yahoo.com
884,Travis Norton,desireecochran@ukr.net,2020-10-16,ukr.net
885,Samuel Mora,janetfleming@example.io,2022-09-09,example.io
886,Alyssa Humphrey MD,dburns@mailbox.org,2021-10-31,mailbox.org
887,Crystal Abbott,alexis43@example.io,2021-10-29,example.io
888,Crystal Contreras,jonathanmartinez@ukr.net,2023-12-23,ukr.net
889,Joshua Hensley,richard43@yahoo.com,2022-08-25,yahoo.com
890,Victor Mcdaniel,harveyrobert@yahoo.com,2022-12-21,yahoo.com
891,Cory Glass,sandrarichardson@mailbox.org,2022-08-25,mailbox.org
892,Wendy Payne,jameskelley@outlook.com,2024-01-23,outlook.com
893,Christopher Castaneda,ibrewer@outlook.com,2021-07-06,outlook.com
894,Kimberly Hays,shannon62@outlook.com,2020-08-21,outlook.com
895,Brandon Dixon,webblindsey@outlook.com,2022-02-16,outlook.com
896,Becky Tanner,tonyasharp@mailbox.org,2020-05-08,mailbox.org
897,Gary Owens,tonya66@mailbox.org,2020-02-24,mailbox.org
898,Jesus Wright,kevingonzalez@hotmail.com,2022-06-18,hotmail.com
899,Karla Todd,ycarlson@mailbox.org,2021-07-08,mailbox.org
900,Christine Walker,gregorymartinez@yahoo.com,2020-10-27,yahoo.com
901,Felicia Cunningham,ronnie40@example.io,2023-07-02,example.io
902,Lindsey Martinez,tcastro@outlook.com,2021-10-23,outlook.com
903,Robert Davis,emily12@mailbox.org,2021-06-19,mailbox.org
904,Patricia Hess,alexanderalyssa@ukr.net,2024-04-27,ukr.net
905,Jose Farrell,kellylevine@mailbox.org,2020-01-15,mailbox.org
906,Gary Bird,jmorris@mailbox.org,2024-06-14,mailbox.org
907,Jacob Cisneros,graycynthia@ukr.net,2024-04-17,ukr.net
908,Anthony Gomez,jared53@example.io,2021-09-07,example.io
909,Shannon Barrett,jamie71@gmail.com,2024-05-05,gmail.com
910,Kevin Mason,kendra48@ukr.net,2022-04-30,ukr.net
911,Elizabeth Eaton,uwalker@gmail.com,2024-09-04,gmail.com
912,Kelsey Logan,xthomas@example.io,2024-06-13,example.io
913,James Leon,zrivers@ukr.net,2023-10-09,ukr.net
914,Donald Goodwin,jeanette69@ukr.net,2024-08-11,ukr.net
915,Troy Zamora,watersmitchell@outlook.com,2024-09-15,outlook.com
916,Christian Rivera,robertparker@outlook.com,2021-09-28,outlook.com
917,Julie Maxwell,qrodriguez@ukr.net,2021-10-04,ukr.net
918,Billy Mcintyre,huntmark@example.io,2021-05-18,example.io
919,Michael Bradley,thompsonlaura@mailbox.org,2020-08-13,mailbox.org
920,Kayla Garza,qshepherd@gmail.com,2020-04-14,gmail.com
921,Amanda Cooper,ginasmith@ukr.net,2022-09-02,ukr.net
922,Daisy Pearson,martinclifford@gmail.com,2021-07-26,gmail.com
923,Ronald Beck,johnsonjennifer@yahoo.com,2022-05-06,yahoo.com
924,Alexander Lewis,phillipjohnson@yahoo.com,2024-10-20,yahoo.com
925,Kelly Wang,annette84@mailbox.org,2021-08-19,mailbox.org
926,Mary Woodward,johnsonkimberly@example.io,2022-04-02,example.io
927,Eric Pham,gregory44@ukr.net,2022-05-07,ukr.net
928,Brooke Chang,sotomatthew@mailbox.org,2024-06-20,mailbox.org
929,Paul Steele,santosdouglas@outlook.com,2023-07-03,outlook.com
930,Mariah Shaffer,cmurillo@ukr.net,2022-05-18,ukr.net
931,Nicholas Ray,cproctor@example.io,2020-10-23,example.io
932,Anthony Brooks,lorettawest@ukr.net,2022-06-15,ukr.net
933,Sherry Holmes,tsalas@outlook.com,2022-04-01,outlook.com
934,Kathy Flowers,adam00@example.io,2020-06-28,example.io
935,Ricardo Moore,davisamanda@mailbox.org,2024-02-17,mailbox.org
936,Brittney Johnson,rachellee@hotmail.com,2021-01-25,hotmail.com
937,Virginia Harrington,paul06@outlook.com,2020-08-22,outlook.com
938,Todd Thompson,brian11@ukr.net,2024-04-25,ukr.net
939,Jeffrey Howard,uhaas@gmail.com,2020-12-23,gmail.com
940,Gregory Carey,david63@mailbox.org,2023-02-03,mailbox.org
941,Jamie Romero,scottho@mailbox.org,2021-05-14,mailbox.org
942,Jeremiah Gonzales,rbutler@outlook.com,2021-12-10,outlook.com
943,Ralph Johnson,grossjames@example.io,2023-03-01,example.io
944,Justin Greene,sallylopez@yahoo.com,2021-01-09,yahoo.com
945,Mark Downs,smithjack@yahoo.com,2023-10-25,yahoo.com
946,Bob Taylor,laurenmcdowell@mailbox.org,2023-12-05,mailbox.org
947,Bobby Miller,grodriguez@ukr.net,2021-05-05,ukr.net
948,Jodi Brown,cynthia28@yahoo.com,2020-01-08,yahoo.com
949,Dennis Jackson,qporter@example.io,2020-02-29,example.io
950,Jimmy Davis,brownandrew@example.io,2020-04-13,example.io
951,Michelle King,sarahbrooks@ukr.net,2020-01-31,ukr.net
952,Madison Keith,boyeramy@hotmail.com,2020-03-25,hotmail.com
953,Brian Evans,bgonzalez@hotmail.com,2023-08-03,hotmail.com
954,Tracy Figueroa,qkirk@gmail.com,2023-07-12,gmail.com
955,Frank Smith,michaelperez@example.io,2023-03-10,example.io
956,Spencer Washington,james21@outlook.com,2020-03-28,outlook.com
957,Alexander Cherry,stephanie18@outlook.com,2022-11-26,outlook.com
958,Marcus Parker,pmorales@gmail.com,2020-05-19,gmail.com
959,Ethan Cole,pittmanbrian@hotmail.com,2021-11-02,hotmail.com
960,Edward Barnett,elizabethsmith@yahoo.com,2022-03-02,yahoo.com
961,Crystal Ellis,gonzalezdavid@example.io,2023-01-04,example.io
962,Hunter Chavez,sarah72@outlook.com,2021-03-26,outlook.com
963,Jessica Hancock,laurendaugherty@gmail.com,2024-09-08,gmail.com
964,Jenna Payne,alexanderdavid@gmail.com,2020-10-18,gmail.com
965,Eric Wolf,blackwelljacob@mailbox.org,2022-08-13,mailbox.org
966,Zachary Russell,webbmisty@hotmail.com,2023-06-06,hotmail.com
967,Amy Robinson,debra09@hotmail.com,2022-09-02,hotmail.com
968,Christy Simpson,sara16@ukr.net,2023-07-19,ukr.net
969,Scott Flores,katie97@mailbox.org,2024-07-10,mailbox.org
970,Gary Reynolds,lopezcaitlin@ukr.net,2024-07-06,ukr.net
971,Heather Sanford,sandra59@gmail.com,2022-05-09,gmail.com
972,Christina Olson,oclark@mailbox.org,2022-10-11,mailbox.org
973,Sydney Schaefer,cochranamber@gmail.com,2020-12-16,gmail.com
974,Dawn Foster,harrisjeffery@hotmail.com,2023-09-06,hotmail.com
975,Jacqueline Martin,scoffey@example.io,2024-09-13,example.io
976,Jennifer Santiago,rojasstephanie@yahoo.com,2024-10-11,yahoo.com
977,Lisa Wang,blankenshiperica@ukr.net,2022-08-08,ukr.net
978,Robert Johnson,kyle94@example.io,2023-04-03,example.io
979,Anna Roberts,yodersarah@outlook.com,2021-09-13,outlook.com
980,Dustin Clark,debbielarsen@mailbox.org,2020-05-06,mailbox.org
981,Cindy Mills,michelle32@mailbox.org,2020-05-13,mailbox.org
982,Cindy Baird,zrobles@outlook.com,2024-04-11,outlook.com
983,Ashley Wells,egarza@gmail.com,2023-10-22,gmail.com
984,Cynthia Mclaughlin,danielschristina@hotmail.com,2023-06-20,hotmail.com
985,Renee Campos,mariasims@hotmail.com,2022-04-19,hotmail.com
986,Amanda Eaton,dominiquegraham@yahoo.com,2021-07-09,yahoo.com
987,Jeffrey Ryan,juliebailey@example.io,2024-03-12,example.io
988,Daniel Anthony,oblevins@mailbox.org,2021-04-07,mailbox.org
989,Nicholas Shepherd,mcculloughkaren@yahoo.com,2023-06-21,yahoo.com
990,Cheryl Palmer,qpierce@gmail.com,2020-03-17,gmail.com
991,Michael Hill,john18@ukr.net,2022-03-06,ukr.net
992,Christopher Thornton,annette60@ukr.net,2024-09-27,ukr.net
993,Rodney Wu,heathjohn@ukr.net,2020-08-29,ukr.net
994,Kyle Allen,zmoore@ukr.net,2022-02-13,ukr.net
995,Peter Herrera,rproctor@ukr.net,2023-01-20,ukr.net
996,Michael Banks,barkermichelle@example.io,2024-09-13,example.io
997,Jason Mitchell,ramseyjason@gmail.com,2024-03-17,gmail.com
998,Andrew Fox,melissa62@hotmail.com,2024-08-10,hotmail.com
999,Christina Parsons,aharris@mailbox.org,2021-02-06,mailbox.org
1000,Robert Oconnell,ejohnson@gmail.com,2022-12-01,gmail.com
1001,Sarah Reyes,harrischad@ukr.net,2020-10-06,ukr.net
