user_id,name,email,signup_date
1,Darrell Franco,xmoore@mailbox.org,2024-02-25 09:31:28
2,Misty James,rodriguezjeffrey@outlook.com,2023-05-07 09:44:15
3,Bethany Lane,theresamcgrath@gmail.com,2020-09-05 02:31:34
4,Kevin Hancock,williamrandolph@yahoo.com,2023-02-03 01:13:48
5,Alexander Bowers,kevinclark@outlook.com,2023-03-27 17:02:57
6,Andrew Burns,samanthascott@gmail.com,2022-05-26 02:58:37
7,Heather Young,ian03@gmail.com,2022-02-05 10:53:25
8,David Rasmussen,veronica18@mailbox.org,2021-12-11 18:50:14
9,April Reed,bradleystewart@yahoo.com,2020-07-08 01:39:43
10,Allen French,amberbowers@outlook.com,2024-02-13 16:21:59
11,Jennifer Moss,agriffin@yahoo.com,2021-07-13 18:05:27
12,James Taylor,martineztara@hotmail.com,2024-10-04 11:25:18
13,Carolyn Kennedy,ethomas@outlook.com,2022-02-08 02:29:37
14,Rachel Carter,barbaravillegas@yahoo.com,2021-10-04 15:58:42
15,Robert Collins,terrellmatthew@gmail.com,2021-06-11 18:47:01
16,Joseph Evans,richard43@ukr.net,2020-02-26 04:57:12
17,Emily Wood,eduarte@outlook.com,2024-06-24 03:57:44
18,Kristi Lee,woodashley@outlook.com,2022-05-31 15:43:52
19,Kimberly Parker,mariah77@hotmail.com,2020-07-01 22:39:30
20,Justin Banks,collinstiffany@example.com,2023-03-18 06:10:28
21,Jared Williams,alexandria92@mailbox.org,2020-10-10 06:37:24
22,Phillip Morgan,joyce08@hotmail.com,2022-03-14 15:13:12
23,Joshua Evans,joseph82@ukr.net,2022-08-19 00:17:41
24,James Garcia,chavezpeter@hotmail.com,2022-02-15 20:14:49
25,Michael Glover,christophermartinez@mailbox.org,2024-07-13 11:24:55
26,John Jones,harriscody@example.com,2020-12-15 14:49:00
27,Leah Wilson,mark89@mailbox.org,2021-07-22 12:07:20
28,Courtney Perez,vmiller@ukr.net,2020-05-24 18:23:27
29,Rachel Simmons,tsmith@example.com,2023-06-16 11:13:54
30,Mary Smith,brent52@example.com,2020-10-27 20:19:11
31,Matthew Baker,donnasantiago@gmail.com,2020-04-24 20:57:03
32,John Tran,malonenancy@mailbox.org,2024-03-14 23:03:11
33,Megan Butler,jorgelawrence@outlook.com,2021-06-17 07:51:08
34,Kara Lozano,jasonsmith@example.com,2022-07-19 07:53:05
35,Mark Powell,robertprice@outlook.com,2023-05-29 06:52:06
36,Christine Davis,dday@ukr.net,2023-04-01 16:30:00
37,Amanda Cox,danieldean@ukr.net,2023-10-19 06:09:16
38,Todd Sullivan,jacob35@yahoo.com,2020-06-11 01:35:41
39,Terry Berry,sarah54@ukr.net,2023-10-15 18:37:28
40,Warren Mclaughlin,santostina@mailbox.org,2022-10-20 06:12:05
41,Jill Stout,christopher51@outlook.com,2021-06-21 04:51:01
42,Diane Farley,xprice@yahoo.com,2021-05-28 18:43:11
43,Charles Bean,michaelcontreras@ukr.net,2024-07-22 09:07:25
44,Scott Mckenzie,jamie10@mailbox.org,2022-10-21 02:17:32
45,Lauren Caldwell,mike94@example.com,2021-05-17 09:15:28
46,David Yoder DVM,martinjessica@gmail.com,2020-11-26 01:58:01
47,Dawn Morgan,tracey35@hotmail.com,2021-05-26 01:56:22
48,Christina Henry,ekim@gmail.com,2024-08-13 08:52:31
49,Lindsay Beard,uchavez@ukr.net,2024-07-02 07:30:53
50,Amanda Richardson,laura82@hotmail.com,2022-03-20 19:08:23
51,Lori Tran,tuckerkevin@outlook.com,2020-06-20 18:40:49
52,Shannon Johnson,jacksonmichael@ukr.net,2021-07-07 14:38:10
53,David Galvan,wmeyer@outlook.com,2024-05-21 05:29:14
54,Deborah Little,john85@example.com,2021-09-26 17:38:48
55,Amanda Smith,madisonsparks@outlook.com,2022-07-02 10:43:24
56,Nicholas Torres,david57@yahoo.com,2022-09-14 22:51:29
57,Mark Lutz,whitejeanne@hotmail.com,2023-04-22 17:21:52
58,Shannon Jimenez,pierceelizabeth@yahoo.com,2022-05-30 00:52:41
59,Sarah Stephens,donna16@yahoo.com,2021-11-24 02:45:33
60,Lori Chen,tthomas@hotmail.com,2022-03-12 13:53:19
61,Nicole Walker,foxdeborah@hotmail.com,2023-06-28 17:36:14
62,Tamara Martinez,raywendy@ukr.net,2021-03-17 03:15:46
63,Angel Gonzales,davisjeremy@example.com,2020-02-29 14:08:48
64,Stephanie Little,goodwinann@mailbox.org,2020-08-28 03:42:24
65,Megan Kelly,murphyjason@hotmail.com,2024-07-06 16:18:54
66,Crystal Baker,whitelisa@gmail.com,2024-01-29 20:06:29
67,Leah Reynolds,jessica17@gmail.com,2020-12-23 05:11:08
68,Patrick Welch,katelyn38@ukr.net,2021-10-11 05:53:32
69,Jennifer Moody,hailey58@outlook.com,2024-02-18 05:38:57
70,David Hart,perrymartin@gmail.com,2022-09-28 18:31:42
71,Timothy Jones,nschaefer@gmail.com,2023-03-02 11:03:07
72,Andrew Lewis,ericsantiago@hotmail.com,2023-02-05 10:29:26
73,Joshua White,sarawong@ukr.net,2024-07-16 00:03:55
74,David Lawrence,vmartin@example.com,2024-08-04 21:17:42
75,Sarah Pierce,mckaywilliam@hotmail.com,2020-04-16 04:17:37
76,John Peterson,rosalesandrew@yahoo.com,2024-10-24 07:54:28
77,Julie Turner,mario91@example.com,2020-08-06 14:25:44
78,Daniel Montgomery,campbellpaul@gmail.com,2022-03-21 07:49:15
79,Anna Fritz,grayolivia@hotmail.com,2021-05-13 12:50:07
80,Timothy Stewart,christianmoore@yahoo.com,2021-09-28 17:58:56
81,Kevin Perez,whitewilliam@mailbox.org,2023-07-16 06:21:31
82,David Medina,ashleybailey@gmail.com,2021-03-13 14:37:12
83,Susan Jackson,joseph63@hotmail.com,2021-03-27 00:42:34
84,Miguel Kennedy,chavezrhonda@yahoo.com,2024-05-03 06:35:59
85,James Olson,davidfields@outlook.com,2021-01-06 15:19:30
86,Alexandria Griffith,sherri14@example.com,2023-07-02 15:20:30
87,Dr. Robert Gardner Jr.,susan92@ukr.net,2024-03-22 11:44:38
88,Brent Garcia,amberreid@gmail.com,2023-01-02 08:22:55
89,Pamela Sherman,andrea08@hotmail.com,2020-04-04 03:18:55
90,Ashley Hanna,bill32@yahoo.com,2022-12-20 19:04:38
91,Brian Estrada,davistracy@yahoo.com,2022-07-28 01:39:51
92,Diana Davis,shutchinson@yahoo.com,2024-10-15 07:40:21
93,Jason Mcgrath,christy18@yahoo.com,2021-02-21 22:08:43
94,Brian Burgess,pamelamckinney@outlook.com,2022-06-14 05:59:30
95,Ian Pruitt,larry88@mailbox.org,2021-08-11 07:06:25
96,Alicia Walker,stephanie01@ukr.net,2021-02-26 11:06:36
97,Michael Weber DDS,robert64@mailbox.org,2021-07-18 11:17:46
98,Michael Larsen,kristenschneider@hotmail.com,2023-09-15 01:54:08
99,Christopher Johnson,kevin82@hotmail.com,2024-02-12 21:53:28
100,Mark Snyder,eking@hotmail.com,2021-01-13 00:52:06
101,Henry Graham,thomascharles@hotmail.com,2021-08-11 09:51:46
102,Natalie Hayden,srhodes@gmail.com,2021-11-10 06:49:45
103,Jermaine Campbell,reedapril@yahoo.com,2024-02-15 17:09:26
104,Thomas Nelson,erin85@gmail.com,2020-04-22 19:11:23
105,Rebecca Young,shelia48@yahoo.com,2023-04-16 08:08:51
106,Kevin Campbell,thomaslopez@mailbox.org,2023-03-23 00:09:14
107,Crystal Hayes,ycollins@outlook.com,2024-10-06 19:55:32
108,Emily Powell,krameraaron@mailbox.org,2024-03-06 02:41:02
109,Randy Pineda,jasoncompton@example.com,2021-08-31 16:45:07
110,Shannon Davenport,garciapeggy@gmail.com,2022-02-28 18:08:37
111,Pamela Waters,andreaschmidt@outlook.com,2022-01-26 03:17:19
112,Karen Hampton,christopher89@ukr.net,2021-01-02 23:27:56
113,Lisa Knight,margaretphillips@gmail.com,2024-01-04 18:22:45
114,Johnny Owens,reidrichard@gmail.com,2024-06-20 00:02:28
115,Thomas Gallagher,kylewilliams@example.com,2021-05-26 11:44:05
116,Joe Luna,gmurray@hotmail.com,2020-03-09 02:14:09
117,John Wiggins,jamie39@ukr.net,2023-11-28 21:06:13
118,Sarah Brown,richardsmith@ukr.net,2022-10-30 06:29:39
119,Thomas Johnson,villarrealandrew@example.com,2024-10-17 10:21:17
120,Ariana Gonzales,brandy51@mailbox.org,2024-03-01 14:04:54
121,Gerald Ross,evansricky@mailbox.org,2022-10-19 03:24:16
122,Janet Escobar,michael94@outlook.com,2020-06-29 19:35:51
123,John Barrett,tammylevy@hotmail.com,2023-07-30 19:11:11
124,Vanessa Rodriguez,kevinhall@example.com,2020-12-21 23:30:11
125,Anne Waters,sean58@gmail.com,2021-02-06 19:39:11
126,Joel Terrell,wellsgregory@outlook.com,2024-02-04 06:53:28
127,Michele Davenport,zlewis@example.com,2020-02-12 00:30:54
128,Ryan Gill,charlestanner@mailbox.org,2020-06-14 02:50:36
129,Amanda Newman,ginamcdowell@gmail.com,2024-04-15 09:19:09
130,Mitchell Franco,jessica96@example.com,2022-07-06 23:24:40
131,Jennifer Coleman,scameron@example.com,2024-02-02 19:41:02
132,Jennifer May,courtneyburton@ukr.net,2023-03-04 15:14:15
133,Christopher Torres,gooddana@gmail.com,2023-02-16 17:06:41
134,Patrick Nguyen,zcollins@hotmail.com,2021-03-18 07:57:18
135,Michael Garcia,villadeanna@ukr.net,2021-02-05 17:03:56
136,April Gonzalez,jason57@ukr.net,2024-10-20 09:02:15
137,Adrian Clark,kathryn91@ukr.net,2020-06-20 03:45:23
138,Robert Mcknight,lindapearson@yahoo.com,2024-06-28 14:06:40
139,Barbara Smith,ewalsh@yahoo.com,2021-02-10 02:03:46
140,William Burton,jorgewiggins@ukr.net,2023-03-07 10:29:51
141,Shannon Campbell,jason27@yahoo.com,2021-11-01 17:14:15
142,Kimberly Clark,gbeard@example.com,2022-12-22 15:07:26
143,Joshua Carroll,brianna37@gmail.com,2023-06-07 01:02:49
144,Rebecca Ross,ifuller@mailbox.org,2023-01-09 18:24:51
145,Tiffany Stephens,francismaria@ukr.net,2022-07-26 20:50:54
146,Kelsey Lawrence,bthompson@ukr.net,2021-07-12 11:40:30
147,John Logan,leondaniel@outlook.com,2020-11-25 04:00:45
148,Kimberly Padilla,milessusan@example.com,2022-04-08 07:41:36
149,Hector Martin,catherinesantiago@ukr.net,2020-02-29 01:57:11
150,Scott Woods,ralph07@mailbox.org,2022-10-20 14:01:05
151,Eric Patrick,dwayne06@gmail.com,2020-08-14 07:16:19
152,Teresa Castillo,wmendez@outlook.com,2022-07-12 15:27:07
153,Jeffrey Novak,leekathleen@hotmail.com,2024-01-21 11:05:21
154,Luke Cunningham,brian04@hotmail.com,2024-04-23 15:26:42
155,Mary Miranda,stewartjames@example.com,2021-06-22 20:04:32
156,Daniel Perez,kim37@outlook.com,2021-03-19 17:27:12
157,Brandon Garcia,jennifer69@example.com,2021-10-08 00:20:42
158,Sandra Smith,wattsjoseph@gmail.com,2021-10-31 06:21:29
159,Todd Anderson,qperkins@hotmail.com,2022-05-17 21:06:48
160,William Blair,callen@ukr.net,2022-08-22 07:47:39
161,Tammy Proctor,doyletracy@hotmail.com,2023-08-07 12:43:25
162,Anthony Bailey,wilsoncynthia@example.com,2021-04-27 18:16:27
163,Marcus Osborne,daniel61@outlook.com,2023-05-05 05:21:54
164,Scott Yoder,samuel26@gmail.com,2023-05-07 17:43:18
165,Kurt Thompson,rileymark@hotmail.com,2021-05-01 05:57:13
166,Kevin Cole,richardpatterson@gmail.com,2023-10-24 20:58:13
167,Miguel Ortiz,danielstewart@yahoo.com,2023-12-01 19:00:34
168,Donna Williams,ryan03@outlook.com,2024-05-28 00:17:16
169,Mitchell Snyder,robbinsanne@outlook.com,2023-07-07 07:33:04
170,Mitchell Booth,kathleen86@gmail.com,2020-04-18 11:16:58
171,James Kline,simpsontracy@outlook.com,2023-03-16 12:18:26
172,Kerri Holloway,tammyfrench@yahoo.com,2022-02-11 07:22:00
173,John Ortiz,nicholsonjustin@outlook.com,2024-09-21 00:45:58
174,Dr. Ana Reynolds,pattersonkevin@mailbox.org,2021-03-22 11:15:30
175,Jenny Lopez,nicholaswatkins@ukr.net,2023-07-27 15:17:37
176,Nancy Walker,sharon48@yahoo.com,2024-08-03 03:10:37
177,Krista Stewart,carrie72@ukr.net,2020-11-02 07:34:41
178,Michael Johnson,glennjennifer@ukr.net,2021-12-05 20:25:19
179,Stephen Massey,brenda40@yahoo.com,2020-04-12 01:11:36
180,Angela Green,stephenmoore@mailbox.org,2020-08-28 00:46:23
181,Michael Gilmore,michaelroach@mailbox.org,2021-02-05 08:34:07
182,Isabel Reed,thomasthomas@hotmail.com,2023-01-18 17:45:24
183,Heather Allen,lsmith@outlook.com,2021-10-03 06:49:02
184,Joshua Anderson,whitejoshua@yahoo.com,2020-02-16 11:07:54
185,Timothy Cox,garciasteven@yahoo.com,2024-04-15 01:54:40
186,Mariah Francis,sandersnathan@gmail.com,2024-09-28 06:42:55
187,Mrs. Rachel Lee MD,cortezheather@hotmail.com,2024-10-19 12:47:10
188,Carolyn Rice,yreynolds@gmail.com,2022-10-17 08:34:48
189,Jeremy Riley,dalexander@example.com,2020-09-02 04:28:06
190,Mrs. Laurie Thomas,caitlinkline@hotmail.com,2023-06-25 00:42:38
191,Michael Frost,moraleswalter@hotmail.com,2020-05-22 22:17:59
192,Robert Gonzalez,williamselizabeth@outlook.com,2023-03-05 12:08:29
193,Jessica Miller,franciscoallen@gmail.com,2021-07-12 05:34:20
194,Thomas White,qadams@mailbox.org,2020-03-22 19:29:51
195,Kristin Parker,tinabutler@ukr.net,2023-05-21 02:36:31
196,Patricia Brooks,hicksjesus@yahoo.com,2023-12-05 02:09:18
197,Micheal Reilly,dianawalker@outlook.com,2023-10-21 07:08:00
198,Jennifer Boyd,flynnnicole@hotmail.com,2022-10-26 03:30:42
199,Dennis Morgan,eric32@ukr.net,2020-07-31 11:46:56
200,Michael Hamilton,ugreen@yahoo.com,2021-08-26 05:15:19
201,Robin Kelley,fmontes@gmail.com,2022-01-15 05:49:27
202,Brendan Johnson,fsmith@outlook.com,2022-08-20 19:52:52
203,Jennifer Singh,ggraves@gmail.com,2023-01-23 17:57:30
204,Christopher Smith,eddiegreene@mailbox.org,2021-04-09 17:09:08
205,Andrea Gomez,rwolf@outlook.com,2021-08-26 05:19:19
206,Jeffrey Johnson,marilyn04@outlook.com,2020-05-23 22:56:29
207,Mark Ford,hansonvirginia@mailbox.org,2020-12-24 05:55:49
208,Samantha Garcia DVM,laurencastillo@hotmail.com,2020-11-06 17:16:53
209,Larry Ross,emcclure@hotmail.com,2021-04-25 20:55:51
210,Jason Russell,eolson@example.com,2021-07-28 17:41:24
211,Lauren Stanley,crystal91@outlook.com,2021-05-22 10:04:30
212,Joanna Carter,morrismary@example.com,2023-08-07 08:36:23
213,Emily Allen,andersonjoshua@outlook.com,2023-12-28 22:29:25
214,Brian Haley,sandovalyesenia@outlook.com,2023-06-09 07:44:10
215,Nicolas Ruiz,whitekathy@ukr.net,2021-08-14 05:20:28
216,Barbara Anderson,thomasbryant@mailbox.org,2022-08-26 09:19:03
217,Dennis Walker,lsmith@outlook.com,2023-04-11 12:24:44
218,Gregory Farley,kaylawagner@mailbox.org,2021-07-12 16:18:18
219,Mrs. Ashley Hicks,daisy88@yahoo.com,2022-11-11 20:11:39
220,Jennifer Oliver,ricekelsey@outlook.com,2020-08-15 02:00:40
221,James Maynard,marymarshall@ukr.net,2020-01-30 19:13:53
222,Kathleen Little,daniel01@yahoo.com,2024-03-27 22:56:53
223,Phillip Hanson,prios@example.com,2022-12-09 15:29:05
224,Nicholas Hicks,jellis@example.com,2023-06-29 13:50:42
225,Colleen Ortega,cruzjason@mailbox.org,2022-05-22 15:45:55
226,Megan Alexander,uduncan@ukr.net,2020-08-08 12:45:54
227,Mark Bryan,kreese@gmail.com,2021-10-22 22:40:02
228,Tonya Williams,edominguez@ukr.net,2022-12-03 00:41:12
229,Robin Reeves,shannon20@outlook.com,2022-11-05 15:09:03
230,Crystal Bryan,castrodestiny@mailbox.org,2024-07-16 23:39:23
231,Carrie Krause,llucero@hotmail.com,2023-11-08 09:51:44
232,Kevin Sullivan,kaylee37@yahoo.com,2021-03-27 20:04:11
233,Patrick Morris,lisa86@example.com,2023-09-03 13:36:09
234,Curtis Mack,walterssamuel@mailbox.org,2022-03-02 14:35:31
235,David Kim,baileytorres@example.com,2021-09-15 15:30:43
236,Corey Walker,laura92@ukr.net,2022-08-04 20:03:49
237,Duane Johnston,selena42@outlook.com,2020-09-14 18:02:43
238,James Mccullough,pjackson@mailbox.org,2020-09-30 02:35:51
239,Gary Mclean,johnstonkimberly@outlook.com,2023-08-02 00:20:32
240,Joan Hammond,reginald40@ukr.net,2021-12-27 13:35:12
241,Eugene Perez,mwolfe@yahoo.com,2023-01-02 09:50:46
242,Michael Newman,karengreene@example.com,2021-04-22 18:51:19
243,Charles Gay,newmanamy@hotmail.com,2023-05-30 15:01:00
244,Joel Jones,robertsdavid@ukr.net,2024-06-11 03:14:38
245,Dalton Anderson,ijordan@outlook.com,2022-10-18 05:07:52
246,Amber Leon,carriemccarthy@outlook.com,2021-11-07 17:44:01
247,Courtney Kane,claudia01@hotmail.com,2021-07-31 21:05:42
248,Robert King,mooremichelle@yahoo.com,2022-04-17 22:48:37
249,Jordan Nicholson,philipmccann@example.com,2023-03-04 16:32:30
250,Aaron Orozco,james56@outlook.com,2024-04-14 06:12:24
251,Daniel Cruz,spencerjonathan@outlook.com,2020-02-28 19:00:58
252,Hannah Parks,kwise@ukr.net,2020-10-27 09:26:24
253,Maria Owen,powerskatherine@example.com,2023-07-16 11:47:08
254,John Harrison,xharris@ukr.net,2024-07-01 00:26:01
255,Alexis Alexander,victoriagardner@example.com,2024-09-19 11:14:04
256,Matthew Rodriguez,schneiderbreanna@example.com,2020-09-10 07:36:54
257,William Rodriguez,stewartmonica@hotmail.com,2022-02-17 08:13:55
258,Sandra Hill,lblair@hotmail.com,2022-10-26 20:25:06
259,Kathleen Johnson,jfrancis@gmail.com,2024-05-20 14:39:48
260,Julie Trevino DDS,susan58@ukr.net,2021-05-29 00:55:56
261,Caitlin Evans,randy04@ukr.net,2021-08-15 07:07:38
262,Joseph Hale,stephaniejohnson@example.com,2022-08-05 05:18:51
263,Chloe Bell,msmith@ukr.net,2024-01-08 23:01:24
264,Brian Cook,george63@mailbox.org,2023-12-30 18:00:00
265,Ashley Johnson,pjones@yahoo.com,2021-10-20 01:52:51
266,Nicole Vincent,willismichael@gmail.com,2023-07-06 05:07:23
267,Karen Rivera,kristy93@example.com,2021-01-22 13:15:23
268,Joel Huang,laurameadows@mailbox.org,2023-07-26 06:24:21
269,Amanda Johnston,christopher15@hotmail.com,2022-04-02 22:18:50
270,Jack Allen,jennifer42@gmail.com,2020-12-06 18:22:50
271,Catherine Hamilton,sdavidson@mailbox.org,2024-03-18 04:06:12
272,Kristen Curry,iwhite@example.com,2020-10-22 01:32:02
273,Kaylee Kramer,pamela75@gmail.com,2024-05-06 06:49:46
274,Mr. Gregory Cook,robert30@mailbox.org,2023-06-19 23:30:24
275,Jacqueline Griffith,jlawrence@mailbox.org,2020-01-24 12:56:39
276,David Gould,tjones@outlook.com,2023-07-29 07:07:07
277,Lori Johnson,tthompson@ukr.net,2021-06-08 20:47:53
278,Christopher Sparks,sheltondeborah@mailbox.org,2024-01-01 23:34:34
279,Julie Mills,enewman@example.com,2024-02-23 16:21:20
280,Mark Miller,vanessastephens@mailbox.org,2022-03-16 22:12:23
281,Danielle Carter,lynchrick@hotmail.com,2021-06-07 15:39:04
282,Nathaniel Anderson,wanda34@outlook.com,2023-06-14 00:56:18
283,Natalie Reeves,leevincent@mailbox.org,2021-12-03 09:50:01
284,Mr. Bradley Johnson,michaeljackson@example.com,2022-11-28 13:34:48
285,Alexandra Poole,tmoreno@ukr.net,2020-10-04 22:26:57
286,Elizabeth Perez,jjenkins@mailbox.org,2021-11-09 09:35:17
287,Loretta Morgan,jason71@mailbox.org,2020-03-07 08:27:57
288,Kayla Porter,kelli71@mailbox.org,2023-02-25 04:36:25
289,Carolyn Murray,sarah18@outlook.com,2022-10-26 00:03:56
290,Teresa Nelson,ndavis@example.com,2023-07-17 06:26:15
291,Ms. Chelsea Wells DDS,dakotajackson@ukr.net,2022-09-01 14:39:20
292,Mr. Stephen Pennington MD,gsmith@outlook.com,2022-10-20 06:56:46
293,Elizabeth Payne,gordonedward@gmail.com,2024-01-29 10:59:17
294,Nicole Gonzalez,owengina@ukr.net,2023-08-16 04:47:10
295,James Reid Jr.,bryan49@outlook.com,2023-12-31 09:08:48
296,Antonio Howell,mlamb@outlook.com,2023-04-30 23:38:22
297,Victoria Garcia,lesliebrown@yahoo.com,2020-06-14 00:13:19
298,Patricia Vargas,qwong@hotmail.com,2022-09-04 15:10:14
299,Brent Peterson,reneegordon@example.com,2022-03-12 12:11:19
300,Derek Fuller,josephstevenson@hotmail.com,2024-08-27 20:31:29
301,Maria Turner DDS,meganwilliams@outlook.com,2024-07-17 16:53:06
302,Angie Knight,whitekaren@gmail.com,2023-07-13 12:47:47
303,Dr. Sheila Cole DVM,cherylcompton@hotmail.com,2021-12-19 06:43:40
304,Joanne Thomas,johnsonjoshua@yahoo.com,2022-01-14 21:34:17
305,Ricky Mendez,jennifer44@mailbox.org,2023-07-30 04:53:35
306,Wendy Marquez,kgarcia@yahoo.com,2020-06-08 22:31:07
307,Laura Garcia,mark24@mailbox.org,2024-06-25 09:58:11
308,Jonathan Flynn,powellchristopher@hotmail.com,2023-09-27 06:29:26
309,Dawn Johnson,odiaz@outlook.com,2023-01-01 15:14:03
310,Steven Johnson,scarpenter@yahoo.com,2020-07-30 15:14:12
311,Pamela Montgomery,todd52@outlook.com,2024-04-17 08:34:09
312,Joshua Brown,sarahburke@mailbox.org,2023-04-04 19:27:47
313,Jason Vincent,tapiapatricia@mailbox.org,2023-09-05 15:49:06
314,Yvonne Russell,jeffrey58@gmail.com,2021-05-29 02:57:28
315,Zoe Wade,taylorcollins@yahoo.com,2024-08-31 23:16:07
316,Michelle Wright,sheacatherine@gmail.com,2023-02-05 18:17:11
317,Anna Delacruz,pamela68@example.com,2021-02-20 00:26:25
318,George Jackson,gary15@outlook.com,2023-08-11 09:04:31
319,Wendy Graham,zclark@mailbox.org,2021-10-26 11:37:48
320,Janet Gilbert,timothyrivera@ukr.net,2024-05-02 02:27:56
321,Melissa Bowman,josephmartin@hotmail.com,2020-12-22 05:18:44
322,Scott Lowe,yvonne60@ukr.net,2022-12-26 20:50:25
323,Jamie Mendoza,ericalyons@ukr.net,2022-03-25 06:52:59
324,Rodney Marks,turnerdorothy@hotmail.com,2021-09-30 02:11:20
325,Cynthia Ramos,mcdonaldsteven@mailbox.org,2020-08-12 08:43:31
326,Miranda Brandt,hkelly@mailbox.org,2021-07-22 15:37:14
327,Cody Thomas,curtisbenson@ukr.net,2020-05-30 07:26:13
328,Angel Velasquez,katherine13@hotmail.com,2023-07-08 05:44:13
329,Christopher Anderson,jonathanturner@mailbox.org,2020-08-29 03:38:01
330,Michael Mclean,jamesmartinez@yahoo.com,2024-05-26 11:29:24
331,Oscar Cunningham,nlloyd@mailbox.org,2020-03-11 05:23:25
332,Patrick Smith,spencetammy@ukr.net,2020-02-15 09:13:33
333,Jessica Jackson,jamesneal@ukr.net,2023-05-29 11:32:51
334,Patrick Nelson,jasoncox@gmail.com,2023-03-16 09:23:30
335,Timothy Richardson,zmartin@outlook.com,2020-06-13 05:50:56
336,Christopher Clark,hoodchristina@example.com,2022-04-19 12:43:36
337,Anthony Huffman,william29@outlook.com,2021-05-25 17:28:01
338,Lynn Brown,codywelch@gmail.com,2020-07-17 08:28:39
339,Stephanie Sawyer,whamilton@gmail.com,2021-07-27 05:24:40
340,Kimberly Bradshaw,whitetony@ukr.net,2023-08-11 00:06:26
341,Michael Sweeney,maryjackson@yahoo.com,2021-04-30 22:22:48
342,Shelley Castro,carlosharris@example.com,2020-11-20 02:26:03
343,Angela Obrien,palmersamuel@yahoo.com,2021-07-31 08:02:27
344,Jeffery Mclean,richardalan@ukr.net,2023-07-01 17:41:36
345,Timothy Roberts,miranda99@hotmail.com,2024-10-09 20:35:04
346,Randall Kim,lancedavis@outlook.com,2021-04-18 17:56:48
347,Adam Moore,woodsstacey@example.com,2021-07-16 10:26:59
348,Kristen Nichols,kaitlinfreeman@outlook.com,2021-01-05 23:05:59
349,Bridget Crosby,moorenancy@gmail.com,2020-01-04 06:11:28
350,Faith Perez,michaelball@mailbox.org,2020-08-11 04:35:02
351,Mr. Christian Hammond,vcobb@mailbox.org,2024-10-19 04:40:10
352,Deborah Cardenas,fmejia@outlook.com,2021-06-13 09:48:09
353,Adam Holt,ymorgan@example.com,2022-01-31 00:38:13
354,Jack Byrd,pharrell@example.com,2024-08-01 17:56:59
355,Sheri Houston,jonesrebecca@ukr.net,2022-10-19 13:03:41
356,John Norton,porteranthony@gmail.com,2021-09-21 22:01:05
357,Alexis Hicks,timothy94@example.com,2022-09-22 08:08:03
358,Michael Pham,nguyenkimberly@ukr.net,2021-08-19 01:33:44
359,Rebecca Brown,stanley21@example.com,2022-05-01 12:11:04
360,Curtis Herrera,tcarrillo@outlook.com,2020-10-19 06:41:07
361,Timothy Allen,martinezapril@hotmail.com,2022-05-18 13:11:27
362,Sherry Wyatt,patty71@outlook.com,2023-10-23 08:44:18
363,Michael Atkins,johnsonkendra@mailbox.org,2020-04-12 12:27:33
364,Todd Hoover,baileymary@hotmail.com,2023-10-10 04:54:35
365,Yvonne Richardson,karenjacobson@mailbox.org,2020-07-17 17:36:13
366,Debra Krueger,matthew78@ukr.net,2023-03-17 01:28:22
367,Miranda Weeks,sonyadaniels@hotmail.com,2021-11-29 02:42:45
368,Kevin Bradley,bjohnson@gmail.com,2020-02-21 07:43:25
369,Heather Flores,kathryn28@gmail.com,2021-01-26 11:43:30
370,Dana Richardson,philipboyd@yahoo.com,2022-07-30 11:59:45
371,Eric Gonzalez,jonathan18@example.com,2024-10-14 13:09:47
372,Richard Koch,christian20@outlook.com,2020-10-14 18:54:47
373,Amy Callahan,crystalhowell@hotmail.com,2021-06-01 06:36:23
374,Jessica Jimenez,holdenrodney@hotmail.com,2020-03-07 01:11:15
375,Jack Zuniga,gina26@mailbox.org,2023-11-20 16:36:45
376,Laura Cervantes,carolyn75@hotmail.com,2022-05-24 12:56:50
377,Jamie Shaffer,gary01@example.com,2023-10-05 08:58:02
378,Brad Walls,dfields@outlook.com,2020-09-14 16:52:35
379,Sharon Simpson,kimberlysanchez@ukr.net,2022-10-04 20:51:09
380,Christopher Thomas,tmelton@yahoo.com,2020-01-04 20:41:44
381,Pamela Brown,xbutler@ukr.net,2020-01-19 14:02:09
382,Christopher Miller,shelleyvalenzuela@yahoo.com,2023-03-18 02:54:47
383,Sandra Allen,melissa90@hotmail.com,2022-02-13 12:52:22
384,Michelle Andrews,brettwhite@example.com,2024-08-10 21:51:25
385,Jeffery Ortega,gabriellecrawford@gmail.com,2023-09-21 14:27:38
386,Brittney Medina,brandydixon@yahoo.com,2021-04-22 20:30:18
387,Steven Munoz,gibsongeorge@outlook.com,2022-08-02 08:04:48
388,Erin Sawyer,websteranna@gmail.com,2020-11-05 19:19:13
389,William Weiss,christian47@yahoo.com,2021-09-27 02:02:29
390,Joseph Davis,laurenhorn@example.com,2021-01-30 10:16:50
391,Sheila Ballard,rachel09@outlook.com,2020-09-27 09:48:24
392,Jose Walker,nicole15@outlook.com,2020-09-27 08:19:24
393,Deanna Walker,liulaura@mailbox.org,2023-12-11 20:57:25
394,Robin Meyer,gbennett@example.com,2022-05-18 04:43:39
395,Brandon Miller,sotorobert@outlook.com,2021-12-26 12:12:12
396,Tammy Arnold,henryhall@outlook.com,2022-04-30 12:13:31
397,Linda Anderson,katrinamoore@mailbox.org,2022-08-14 09:28:25
398,John Campbell,james69@gmail.com,2023-03-17 07:54:50
399,Kim Charles,mariajackson@example.com,2024-04-19 09:51:57
400,David Johnson,dana18@example.com,2021-10-05 10:46:07
401,Russell King,zmyers@example.com,2020-01-01 13:01:17
402,Michael Smith,bholt@hotmail.com,2021-12-12 17:13:56
403,Daniel Parrish,amy56@example.com,2021-06-28 16:06:45
404,Shelly Jones,jason85@example.com,2024-01-26 13:19:26
405,Sarah Mccann,paulespinoza@yahoo.com,2024-06-17 18:59:03
406,Rhonda Reese,clarkcaleb@hotmail.com,2023-02-01 14:01:13
407,Kimberly Perez,kaitlin35@example.com,2023-09-15 13:33:13
408,Allison Garcia,sabrinahuynh@gmail.com,2023-09-21 15:00:49
409,Amber Johnson,benjaminbrown@mailbox.org,2021-02-20 07:12:36
410,Edward Espinoza,christopherhill@hotmail.com,2023-03-02 03:30:58
411,Brian Dyer,cooperkyle@example.com,2021-08-07 00:02:06
412,Jennifer Bowman,fostergary@hotmail.com,2022-03-08 10:52:43
413,Scott Mann,john98@example.com,2024-06-10 12:06:01
414,Jerry Barnes,nmann@hotmail.com,2023-10-20 05:19:53
415,Jonathan Huerta,schaeferanita@ukr.net,2021-07-23 14:12:52
416,Richard Peters,dalton35@mailbox.org,2020-08-18 22:04:31
417,Angela Santos,dgates@outlook.com,2023-03-09 22:58:09
418,Megan Austin,kreese@gmail.com,2020-02-11 12:03:53
419,Jordan Fitzpatrick,xcampbell@mailbox.org,2022-10-01 16:04:26
420,Randall Holloway,gallaghersamuel@hotmail.com,2023-02-06 04:12:56
421,Thomas Baker,alexanderbilly@hotmail.com,2023-06-19 10:39:32
422,Kristi Mitchell,jeffrey83@example.com,2023-03-17 17:47:16
423,Morgan Huang,greenmatthew@hotmail.com,2021-03-03 07:03:40
424,Andrew Pearson,hawkinspatricia@example.com,2022-10-20 20:55:49
425,Megan Johnson,brandon76@gmail.com,2021-09-12 06:00:18
426,Becky Garcia DVM,james29@example.com,2021-07-10 01:22:36
427,John Black,yangcharles@hotmail.com,2023-10-06 17:31:47
428,Jeffrey Hughes,john31@hotmail.com,2021-03-26 06:46:34
429,Jeffery Jackson,zdean@hotmail.com,2024-04-07 16:18:26
430,Benjamin Alvarez,zbray@example.com,2022-11-04 01:33:56
431,Jacqueline Moore,jenniferhudson@yahoo.com,2022-12-13 11:42:56
432,Colleen Edwards,jweber@outlook.com,2024-04-15 02:52:17
433,Jennifer Peck,thorntonjeffrey@yahoo.com,2022-04-11 18:49:54
434,Carol Mason,jessica40@hotmail.com,2021-12-16 02:21:34
435,Eric Hansen,natalie30@yahoo.com,2022-05-05 13:31:58
436,Scott Hunt Jr.,derrickmcdonald@yahoo.com,2023-12-07 17:00:31
437,Erica Vazquez,kristi36@gmail.com,2022-07-31 13:36:31
438,Erin Clark,kristiecannon@mailbox.org,2023-01-04 03:40:24
439,Christopher Trevino,sierra20@ukr.net,2020-12-29 02:27:51
440,Terry Valdez,jacksonkelly@gmail.com,2023-02-13 11:24:08
441,John Logan,louisellis@outlook.com,2023-11-05 12:38:27
442,Ashley Brown,pgoodman@outlook.com,2023-05-18 14:11:00
443,Miguel Bell,twolfe@mailbox.org,2021-04-16 08:31:38
444,Amy Brown,bherman@hotmail.com,2020-10-14 13:02:35
445,Debra Walker,amandamaldonado@gmail.com,2023-10-08 18:59:26
446,Kelly Watts,shawnmiller@outlook.com,2021-04-09 05:47:38
447,Michael Choi,williambailey@hotmail.com,2024-01-15 11:59:11
448,David Leach,calvin22@outlook.com,2020-04-11 13:28:08
449,Nicolas Mccoy,tiffany78@gmail.com,2020-09-01 07:07:56
450,Debra Brooks,floresashley@yahoo.com,2022-05-24 05:05:16
451,Kaitlin Shields,melindawheeler@mailbox.org,2023-08-06 06:21:37
452,Nancy Summers,luis77@hotmail.com,2020-01-27 16:40:26
453,Christopher Dodson,julian02@example.com,2023-02-10 20:05:05
454,Samuel Garza,tanya37@example.com,2024-04-03 14:45:45
455,Richard Davies,adam33@outlook.com,2024-04-17 21:58:17
456,Tim King,contrerasjohn@yahoo.com,2022-01-07 06:36:34
457,Jason Miller,silvadavid@example.com,2024-03-17 17:29:28
458,Amy Williams,tracey79@ukr.net,2022-08-20 09:04:13
459,Kathy Diaz,dmartin@gmail.com,2022-04-25 17:24:40
460,Lisa Bell,knightdaniel@mailbox.org,2024-09-19 15:35:48
461,Brian Evans,lsmith@outlook.com,2023-01-02 12:36:18
462,Corey Miller,anthonyshields@mailbox.org,2023-05-16 07:40:49
463,Shannon Valentine,amber63@example.com,2023-06-10 12:47:52
464,Melissa Richards,melissamiller@hotmail.com,2022-10-15 15:38:05
465,Randy Phillips,annette82@gmail.com,2024-05-18 19:54:54
466,Michael Hatfield,robert98@example.com,2022-07-08 14:31:49
467,Timothy Wells,frankfrancis@outlook.com,2023-12-30 06:20:52
468,Caitlin Palmer,davidberry@hotmail.com,2023-05-29 05:48:30
469,Victoria Lopez,mvasquez@example.com,2024-05-21 13:50:03
470,Shannon Castillo,scott09@example.com,2023-07-10 20:31:20
471,Heather Hurley,nmoore@ukr.net,2022-08-15 20:02:03
472,James Vaughan,bbowen@outlook.com,2024-07-01 12:22:19
473,Laura Jimenez,jenniferhuynh@gmail.com,2023-11-10 21:20:07
474,Michael Carrillo,travismorris@yahoo.com,2020-05-22 00:06:39
475,Thomas Olsen,james32@mailbox.org,2021-01-24 00:55:08
476,Glenn Ramirez,danarandolph@mailbox.org,2022-01-01 16:17:27
477,Rebecca Pollard,hendersonantonio@mailbox.org,2023-06-02 04:56:01
478,Anna Barber,matthewmccormick@gmail.com,2024-03-08 14:16:56
479,Gabrielle Kramer,kwright@outlook.com,2022-07-07 18:42:11
480,Bethany Walker,xatkins@ukr.net,2022-07-12 00:28:18
481,Tyrone Gardner,rsoto@yahoo.com,2020-02-17 07:39:27
482,Jerry Foster,kimvang@gmail.com,2020-08-18 18:34:10
483,Brian Smith,gonzalesmichelle@gmail.com,2020-12-28 19:29:46
484,Charles Hill,karen18@example.com,2022-08-16 12:35:32
485,Andrew Griffin,andrewnunez@outlook.com,2021-09-07 04:40:17
486,Stephanie Ellis,gbass@hotmail.com,2021-06-14 03:27:47
487,Julia Wolfe,paul69@outlook.com,2023-12-30 17:52:33
488,Sarah Taylor,cartertrevor@mailbox.org,2023-07-19 03:20:34
489,James Blankenship,reidmatthew@outlook.com,2024-01-03 13:57:49
490,Caleb Aguilar,ehernandez@ukr.net,2020-09-07 23:43:29
491,Robert Gonzalez,jesusgreen@yahoo.com,2021-01-22 15:04:51
492,Stephanie Salazar DDS,kwalter@outlook.com,2022-05-17 00:20:26
493,Christopher Lang IV,gregory91@hotmail.com,2023-11-19 20:15:30
494,Sean Escobar DDS,george82@hotmail.com,2022-12-31 11:48:45
495,Jill Cameron,megankim@yahoo.com,2023-04-22 20:52:25
496,Matthew Walker,grahamdeborah@example.com,2020-01-08 00:24:11
497,Karen Little,hsimmons@outlook.com,2023-08-08 10:23:23
498,Brian Macdonald Jr.,oburke@example.com,2020-03-21 22:45:44
499,Sharon Wood,shelleynguyen@gmail.com,2022-03-13 01:54:31
500,Andrew Burns,mariamack@example.com,2023-06-21 23:17:21
501,Felicia Wright,waynehorne@example.com,2024-01-27 11:29:08
502,Jonathan Mccarthy,michael56@yahoo.com,2023-08-21 12:14:20
503,Rebecca Price,garciasteven@hotmail.com,2024-07-18 03:34:27
504,Christopher Gutierrez,vhernandez@hotmail.com,2021-10-21 03:45:35
505,Jason Salazar,laura61@example.com,2020-10-07 09:18:05
506,Kayla Thomas,menglish@ukr.net,2024-04-10 23:57:38
507,Scott Orr,sanchezkimberly@example.com,2022-03-01 02:28:21
508,Kari Lewis,kevin46@mailbox.org,2024-07-14 22:16:33
509,Kristin Garcia,aaronruiz@outlook.com,2020-08-21 21:55:11
510,Tyler Moore,noah12@ukr.net,2022-08-10 10:18:24
511,Cassandra Brooks,achavez@ukr.net,2021-12-02 19:16:42
512,Cody Faulkner,dalesimmons@hotmail.com,2022-05-22 16:53:38
513,Howard Jones,ywilliams@gmail.com,2021-01-22 15:31:33
514,Matthew Norman,jonathan67@ukr.net,2023-11-27 08:36:39
515,Charles Baldwin,nnorris@example.com,2021-12-29 15:01:07
516,Kathleen Sanchez,browndebra@gmail.com,2020-12-23 00:08:52
517,Michael Smith,morrispaula@gmail.com,2022-08-23 08:01:43
518,Tonya Allen,lindafoley@yahoo.com,2020-02-12 17:29:23
519,Christopher Mathis,patrickmartinez@gmail.com,2020-02-22 01:47:31
520,Ashley Martinez,bwallace@example.com,2022-10-09 13:40:48
521,Amy Smith,cynthiaschroeder@mailbox.org,2024-07-01 11:56:49
522,Eric Park,megancunningham@outlook.com,2024-09-26 02:11:43
523,Brian Wade,jeremykim@yahoo.com,2020-11-20 03:45:49
524,Katherine Lester,dsanford@ukr.net,2024-03-05 15:56:27
525,Scott Jones,hlindsey@outlook.com,2021-03-25 14:51:50
526,Gina Collins,brownjose@mailbox.org,2023-02-16 00:39:23
527,Mr. Aaron Ramirez,qconway@yahoo.com,2021-02-21 10:56:40
528,Cassandra Collins,william17@ukr.net,2023-03-23 18:44:56
529,Jorge Lin,xbrady@gmail.com,2020-06-07 01:34:57
530,Jessica Green,yjohnson@gmail.com,2021-09-28 03:46:57
531,Michael Shields,zdavis@example.com,2020-04-10 22:18:46
532,Michael Kane,mayryan@example.com,2023-03-05 06:49:30
533,Donna Sanders,danielking@hotmail.com,2022-03-19 07:37:51
534,Cheryl Craig,ekelly@outlook.com,2021-12-06 00:06:41
535,Rebekah Riley,jerryrussell@ukr.net,2021-08-09 18:25:44
536,Jonathan Smith,fstevens@ukr.net,2020-12-19 19:23:35
537,Nicole Gordon,tylermoore@outlook.com,2020-01-27 13:31:42
538,Matthew Griffith,hernandezrhonda@hotmail.com,2022-02-12 07:40:55
539,Mr. Eric Maddox,emily67@mailbox.org,2021-02-19 03:41:08
540,Kaitlin Roberts,riosedward@yahoo.com,2023-11-25 21:13:56
541,Joseph Edwards,fergusonlaura@mailbox.org,2024-10-10 20:59:53
542,Steven Dixon,jonesjames@outlook.com,2024-04-24 00:45:14
543,Cameron Williams,collinsjustin@yahoo.com,2023-06-03 19:22:31
544,Tyler Henderson,sabrinarosales@yahoo.com,2020-02-12 15:55:43
545,Taylor Gregory,gmartinez@ukr.net,2024-05-07 02:20:01
546,Kimberly Russell,davidsonmartin@outlook.com,2023-11-04 16:05:49
547,Jennifer Marshall,scott40@example.com,2020-12-25 17:14:30
548,John Weaver,reevesmichael@example.com,2021-05-16 00:00:40
549,Henry Schneider,nparks@outlook.com,2024-02-14 10:14:24
550,Maurice Meyers,mark72@mailbox.org,2020-11-27 14:23:50
551,Stacy Williams,fbrown@ukr.net,2022-10-25 16:46:04
552,Charles Jones,ebradford@ukr.net,2024-08-18 05:08:59
553,Mikayla Salinas,jasonfarmer@example.com,2022-03-16 08:02:27
554,Valerie Melendez,wjacobson@outlook.com,2022-01-15 13:01:47
555,Michael Meza,mullenjeffery@gmail.com,2022-04-08 17:02:50
556,Billy Brock,mary00@mailbox.org,2021-05-21 22:34:25
557,Lisa Le,jenniferjackson@gmail.com,2021-01-03 02:41:41
558,Stacy Cortez,michael98@outlook.com,2020-07-08 19:18:09
559,Spencer Fleming,gibsonkaren@yahoo.com,2020-01-04 09:02:59
560,Andrew Rojas,mcgeemargaret@gmail.com,2024-08-24 06:13:19
561,Richard Gomez,misty29@hotmail.com,2021-12-09 20:46:14
562,Mrs. Allison Hood,youngeric@ukr.net,2022-08-15 06:58:33
563,Debra Gutierrez DVM,john43@outlook.com,2021-05-20 16:44:37
564,Donna Hughes,jodonnell@yahoo.com,2024-03-04 04:49:53
565,Scott Bell,jordanfelicia@example.com,2024-02-07 22:35:06
566,William Mahoney,erobinson@outlook.com,2023-04-23 23:46:04
567,Amanda Brown,zspencer@gmail.com,2022-11-23 09:21:30
568,Jonathan Harris,sue18@hotmail.com,2022-03-24 18:25:00
569,Michael Herman,timothy80@gmail.com,2022-11-21 07:23:49
570,Christopher Miller,steve26@outlook.com,2021-11-30 10:58:47
571,Arthur Hooper,debra66@mailbox.org,2023-07-04 12:52:49
572,Randall Nelson,tiffanychung@outlook.com,2020-06-29 20:03:32
573,Sherri Jones,angela08@gmail.com,2023-07-25 12:09:21
574,Nancy Madden,danielbaldwin@example.com,2023-09-01 22:10:49
575,Danielle Rivera,sharonjenkins@mailbox.org,2022-03-04 13:47:52
576,Thomas Hodge,ernesthenson@example.com,2022-09-03 05:31:41
577,Savannah Lopez,jamesmedina@gmail.com,2024-09-09 05:53:41
578,Jeffrey Pace,wstein@yahoo.com,2024-01-23 02:02:15
579,Chris Fernandez,arodriguez@outlook.com,2020-08-23 00:46:57
580,Stacy Mathews,lisajordan@hotmail.com,2020-07-30 13:58:05
581,Jesse Ford,kristinejohnston@example.com,2022-07-30 19:24:52
582,Holly Johnson,john99@ukr.net,2020-05-14 11:21:10
583,Kimberly Richard,sbeck@gmail.com,2021-11-04 23:39:33
584,Carolyn Smith,timothyreeves@gmail.com,2022-06-25 22:24:41
585,Paula Jones,longleon@outlook.com,2022-02-09 08:47:56
586,Michael Woodward,greenpatricia@outlook.com,2022-02-05 11:20:05
587,Jason Thomas,thomasmartha@hotmail.com,2021-09-11 07:29:14
588,Dr. Jeffrey Fuller,jason27@hotmail.com,2021-04-12 18:21:23
589,Tyler Smith,bowmanhunter@hotmail.com,2021-07-22 22:57:34
590,Steven Williams,dward@outlook.com,2023-03-03 22:59:24
591,Mary Garcia,tylersalazar@outlook.com,2020-07-21 02:24:24
592,Jody Saunders,tara06@yahoo.com,2020-09-07 19:08:42
593,Tony Erickson,tgutierrez@ukr.net,2021-12-31 06:21:11
594,Andrew Curry,thorntonmegan@outlook.com,2024-06-20 09:12:20
595,Hayley Thomas,vfinley@ukr.net,2024-01-27 20:28:39
596,Leonard Silva,pmacias@mailbox.org,2023-02-28 15:54:27
597,Keith Mitchell,ariana44@ukr.net,2020-04-30 10:11:28
598,Michael Walton,cheryl09@example.com,2022-09-01 18:51:36
599,Stacy Moran,sean24@outlook.com,2023-08-18 04:22:14
600,Stephanie Neal,martinandrew@ukr.net,2023-06-27 21:53:30
601,Anna Leblanc,narnold@mailbox.org,2021-10-17 13:17:25
602,Tanya Williams,hooperamanda@mailbox.org,2024-05-17 22:11:30
603,Timothy Mayo,emilygill@example.com,2020-01-17 12:37:00
604,Robert Moody,shari94@yahoo.com,2023-11-23 10:45:28
605,Nathan Williams,lance55@outlook.com,2023-08-10 22:24:51
606,Jessica Orozco,raymond02@example.com,2020-04-08 19:49:06
607,Brandon Robinson,sueperez@hotmail.com,2024-03-14 10:33:24
608,Henry Jones,andreasantiago@example.com,2021-02-18 02:29:56
609,Jennifer Gonzales,aimeeross@outlook.com,2024-01-28 18:18:12
610,Laura Davis,qandrews@gmail.com,2021-10-27 20:29:23
611,Amber Perez,christine90@hotmail.com,2020-10-05 11:35:27
612,Mary Delgado,kevin64@gmail.com,2020-11-22 15:56:00
613,Daniel Mccall,elizabethdickerson@yahoo.com,2020-02-18 19:24:01
614,Rebecca Graves,justin49@example.com,2023-09-08 01:42:48
615,Kimberly Robinson,aperkins@example.com,2020-01-31 06:04:21
616,Paul Ellis,brian14@hotmail.com,2020-02-15 05:05:29
617,Kerri Brady,cohenerik@outlook.com,2020-09-11 14:58:27
618,Amanda Flores,jscott@ukr.net,2021-05-06 19:49:21
619,Kenneth Walker,yandrews@example.com,2020-02-24 13:25:15
620,Tina Bailey,khall@hotmail.com,2020-08-09 05:50:24
621,James Cook,elizabethrobinson@gmail.com,2021-02-21 17:49:38
622,Mark Walker,pgonzalez@gmail.com,2024-06-28 10:05:24
623,George Freeman,hermanchristopher@hotmail.com,2023-08-23 20:32:56
624,Taylor Howell,xharrell@ukr.net,2021-10-31 04:28:37
625,Jillian Hicks,gonzalestimothy@mailbox.org,2024-04-04 10:46:12
626,Carl Nguyen,wendysimpson@yahoo.com,2024-06-20 09:59:32
627,Phyllis Thomas,rodneykrueger@hotmail.com,2024-06-10 20:20:57
628,Jenny Khan,savagechristine@mailbox.org,2024-10-19 20:54:25
629,Casey Wilson,andrewschmidt@mailbox.org,2021-06-08 00:42:28
630,Brian Cole,landrycaitlin@yahoo.com,2023-02-09 10:30:03
631,Robert Jones,qdavidson@example.com,2024-09-30 03:22:47
632,Jennifer Wright,matthewvargas@gmail.com,2024-10-22 02:11:23
633,Dustin Rojas,kevinwilliams@yahoo.com,2022-11-28 02:24:41
634,Corey Schneider,lisa24@gmail.com,2023-03-29 18:49:54
635,Peter Robertson,campbellandrew@ukr.net,2022-08-03 02:49:08
636,David Franklin,zimmermanlaura@hotmail.com,2020-03-30 06:24:44
637,Joseph Wade,brandoncole@hotmail.com,2020-10-18 03:19:38
638,Joseph Cummings,tbrown@hotmail.com,2020-07-09 08:47:04
639,Kevin Knight,tcastro@outlook.com,2023-05-11 09:01:42
640,Keith Hess,alyssahiggins@gmail.com,2023-12-30 01:56:23
641,Deanna Porter,keith45@hotmail.com,2020-08-05 21:35:23
642,Todd Cantu,sarahjensen@hotmail.com,2021-08-08 19:25:39
643,Cassandra West,april74@gmail.com,2023-07-29 07:01:10
644,Cole Cross,berrylynn@outlook.com,2022-07-22 04:11:11
645,Cameron Chen,ramirezdebra@example.com,2021-01-08 00:41:51
646,John Hall,mannandrew@mailbox.org,2020-07-08 07:07:59
647,Megan Smith,fostergregory@hotmail.com,2023-10-20 21:07:01
648,Mathew Cline,mckinneymatthew@hotmail.com,2023-07-14 18:28:50
649,Jackie Frost,townsendkristen@ukr.net,2022-12-25 13:49:11
650,Ian Mccormick,zpierce@yahoo.com,2020-03-10 12:43:58
651,Ashley Johnson,amandasloan@yahoo.com,2023-05-06 15:57:54
652,Kyle Bailey,pacejennifer@example.com,2021-05-04 01:02:44
653,John Williams,timothy19@hotmail.com,2024-03-29 23:42:42
654,Stephanie Aguilar,crios@ukr.net,2021-12-18 03:57:40
655,Sylvia Kim,lboyle@hotmail.com,2024-03-26 11:04:27
656,Molly Phillips,pierceamanda@mailbox.org,2023-04-22 05:01:42
657,Michael Hendrix,reedlarry@example.com,2024-10-12 10:25:52
658,Jill Price MD,xbrown@gmail.com,2020-02-12 06:19:16
659,Brittney Norman,william55@hotmail.com,2022-08-11 09:20:25
660,Travis Gray,wsmith@mailbox.org,2020-07-31 06:54:34
661,David Moreno,jonesphillip@example.com,2021-04-02 16:11:21
662,Gary Hart,sandra54@ukr.net,2022-06-11 08:45:42
663,Adriana Nelson,spearsbrian@hotmail.com,2020-03-07 20:40:47
664,Timothy Jones,jessicafrazier@ukr.net,2020-04-25 17:37:42
665,Daniel Murray,williamscynthia@ukr.net,2020-11-02 08:32:55
666,John Kaiser,richardpitts@outlook.com,2023-11-26 15:38:43
667,Michael Graham,fjohnson@mailbox.org,2023-02-05 18:36:47
668,Elizabeth Bolton,fsanchez@ukr.net,2023-08-27 20:58:48
669,Ashley Warren,harrisbradley@gmail.com,2020-02-24 06:52:49
670,Terry Baker Jr.,jason00@hotmail.com,2021-08-10 16:39:06
671,Krista Schroeder,jenniferlee@ukr.net,2024-09-27 18:18:59
672,Denise Atkins,richardsmith@gmail.com,2021-04-06 09:52:17
673,Timothy Mullen,joseph86@hotmail.com,2024-07-11 13:29:52
674,Kevin Bullock,gleonard@example.com,2022-12-06 04:45:15
675,Christine Porter,coopermichelle@hotmail.com,2023-04-23 15:57:10
676,Jill Warner,gibsondiana@example.com,2022-01-22 18:36:48
677,Curtis Greene,katiebrewer@yahoo.com,2022-07-04 22:36:14
678,Roger Middleton,mariascott@example.com,2020-10-18 13:43:46
679,Sean Brown,mark09@example.com,2024-01-25 04:45:11
680,Nicholas Robertson,nellis@ukr.net,2022-09-23 21:01:12
681,Jason Irwin,rjackson@outlook.com,2024-02-07 22:15:59
682,Juan Garcia,bellmicheal@ukr.net,2023-02-24 02:00:33
683,Anna Hunt,schwartzheather@outlook.com,2021-02-07 16:54:56
684,Anne Jackson,nfranklin@yahoo.com,2024-04-20 06:03:17
685,Theresa Buchanan,stephaniebarker@mailbox.org,2020-06-25 13:20:25
686,James Morris,kaitlin87@yahoo.com,2020-04-24 11:21:07
687,Robert Freeman,wbrown@ukr.net,2022-03-26 09:24:18
688,Misty Rios,kathrynvargas@hotmail.com,2024-07-26 22:35:45
689,Kayla Neal,griffithrenee@gmail.com,2022-01-07 12:59:43
690,Amy Williams,wfischer@yahoo.com,2022-05-30 11:49:33
691,Ricky Dixon,melissaanderson@hotmail.com,2023-06-13 01:24:22
692,Brian Arroyo,cjenkins@example.com,2022-11-06 19:01:20
693,Elizabeth Wilson,charlesmeyers@outlook.com,2024-10-05 02:16:36
694,Peter Chavez,vanessa89@example.com,2024-04-17 15:24:06
695,Jesus Evans,ileonard@gmail.com,2022-03-08 01:04:10
696,Claudia Jones,holderjonathan@ukr.net,2024-04-04 21:35:55
697,Brian Nelson,scott34@example.com,2024-02-17 14:25:38
698,Steven Wise,sandrayates@gmail.com,2021-10-13 00:23:58
699,Mark Meadows,patrick36@yahoo.com,2022-01-29 09:07:37
700,Patricia Campbell,sarahskinner@gmail.com,2022-04-11 10:32:35
701,Zachary Gomez,spencerpatrick@gmail.com,2021-08-02 23:19:49
702,Joshua Taylor,monica67@ukr.net,2023-04-03 13:18:07
703,Philip Vega,brittney47@outlook.com,2023-01-11 05:15:18
704,Lindsay Smith,steven97@example.com,2022-02-06 20:32:39
705,Joshua Brown,aprilwilson@ukr.net,2022-11-05 08:13:45
706,Robert Wilson,brandonsmith@ukr.net,2021-04-16 22:59:00
707,Christian Gonzales,mannalexandria@gmail.com,2023-02-03 07:53:36
708,Ronald Braun,jamesphyllis@example.com,2020-03-06 08:45:22
709,Andrew Martin,nmoore@hotmail.com,2023-09-11 12:00:08
710,Kyle Hood,blake77@gmail.com,2022-07-30 18:32:26
711,Michael Griffin,huntbrenda@mailbox.org,2020-07-25 03:22:43
712,James Rivera,joseharris@yahoo.com,2021-04-06 15:40:53
713,Craig Castro,greengary@ukr.net,2020-10-18 02:42:34
714,Donna Gutierrez,umoore@ukr.net,2024-07-03 21:38:22
715,Angela Moss,markcasey@mailbox.org,2020-12-12 14:46:40
716,Sharon Shields,parkermary@gmail.com,2023-08-18 06:31:03
717,Shawn Rodriguez,pstanley@hotmail.com,2021-04-14 07:04:03
718,Ryan Hernandez,breanna80@gmail.com,2022-06-12 11:45:27
719,Jennifer Spencer,stephanierubio@mailbox.org,2024-08-10 14:03:15
720,Jimmy Glenn,calvinfoster@ukr.net,2021-08-03 10:20:18
721,Latoya Campos,teresariley@ukr.net,2024-06-04 19:00:56
722,April Perry,rayalvin@example.com,2023-07-23 11:47:38
723,Lisa Owen,tsawyer@gmail.com,2022-11-09 02:40:27
724,Mr. Aaron Wilson,darroyo@hotmail.com,2023-03-25 23:42:49
725,Travis Lawrence,bsloan@outlook.com,2023-07-27 17:12:50
726,Andrew Martinez,nathaniel57@ukr.net,2021-03-28 17:12:50
727,Heather Brown,edwardwu@gmail.com,2021-09-29 10:41:34
728,Edwin Hale,ryanthomas@example.com,2023-02-09 04:03:39
729,James Turner,krystal55@example.com,2020-01-20 04:54:46
730,Victor Miranda,kroman@gmail.com,2021-05-01 06:16:04
731,Monique Melendez,hschaefer@hotmail.com,2024-04-07 10:27:35
732,Joseph Morris,reedryan@mailbox.org,2022-05-01 19:06:49
733,Cody Johnson,jacquelinehaas@yahoo.com,2021-11-03 18:03:29
734,Barbara Simmons,bradley74@yahoo.com,2024-01-23 09:56:59
735,Thomas Melton,david20@outlook.com,2023-06-16 23:43:24
736,Mr. John Hunter,melinda18@yahoo.com,2022-10-24 13:58:45
737,Samantha Perez,ccannon@mailbox.org,2023-07-11 21:14:56
738,Jared Henry,timothygoodman@outlook.com,2023-07-17 13:20:08
739,Sean Gray,qkelly@hotmail.com,2020-10-28 01:26:36
740,Megan Johns,cfox@gmail.com,2024-05-30 18:56:44
741,Aaron Monroe,wharris@example.com,2021-11-14 23:52:22
742,Stephen Adams,john73@ukr.net,2021-03-25 04:33:13
743,Shawn Gomez,ajohnson@example.com,2023-06-10 17:16:28
744,Brendan Austin,shansen@ukr.net,2024-06-26 07:07:55
745,Crystal Chandler,newtonjared@gmail.com,2021-09-21 18:13:07
746,Raymond Erickson,cynthiapugh@hotmail.com,2023-11-20 22:43:31
747,Kaylee Robinson,denise98@gmail.com,2024-05-26 09:01:49
748,Caitlyn Hogan,rhooper@mailbox.org,2023-09-22 05:44:48
749,Nicolas Mitchell DVM,brian90@ukr.net,2024-02-27 13:59:35
750,Kelly Mann,sarah49@ukr.net,2023-01-16 20:47:42
751,Elizabeth Smith,dgross@outlook.com,2022-11-02 04:46:17
752,Melissa Roth,powellkyle@outlook.com,2023-08-11 11:54:38
753,Christopher Roberson,nicholas23@hotmail.com,2022-05-25 02:13:29
754,Kimberly Burgess,rramirez@yahoo.com,2023-07-13 07:12:23
755,Christopher Schneider,brianfigueroa@gmail.com,2020-11-09 08:27:43
756,Timothy Castillo,tonya59@outlook.com,2023-12-25 01:59:44
757,Scott Bryant,lisamoreno@mailbox.org,2023-12-04 09:27:53
758,Sydney Gray,joseph17@ukr.net,2021-04-08 00:01:43
759,Mr. Kevin Branch Jr.,qholmes@gmail.com,2022-08-06 05:15:15
760,Brian Noble,karen36@outlook.com,2021-08-01 02:21:53
761,Kimberly Vargas,bmarshall@gmail.com,2020-05-19 11:52:10
762,Mary Bryant,ronniegrant@ukr.net,2021-08-19 23:32:57
763,Susan Henry,cmiller@hotmail.com,2022-04-01 19:54:57
764,Patrick Phillips,brandon29@ukr.net,2022-03-31 10:09:29
765,Nancy Terrell,sgilbert@ukr.net,2023-09-07 12:25:51
766,Jason Johnston,anewman@ukr.net,2023-07-22 14:26:36
767,Karen Bailey,brownjessica@ukr.net,2023-05-17 07:16:07
768,Erica Fleming,kathrynsanford@gmail.com,2020-05-31 12:35:57
769,William Hayes,efranklin@yahoo.com,2023-03-28 02:51:35
770,Cheryl Powell,mhughes@mailbox.org,2020-04-05 12:10:26
771,Michelle Larson,emilytorres@ukr.net,2023-01-08 07:23:39
772,Lisa Mendoza,danielle80@gmail.com,2021-10-11 16:05:53
773,Brian Dominguez,chadlee@hotmail.com,2023-07-05 09:45:41
774,Kathryn Becker,nicolecox@gmail.com,2022-08-15 09:05:47
775,Kenneth Hall,ellen44@hotmail.com,2023-08-06 12:45:52
776,John Greene,kevin84@hotmail.com,2020-07-14 19:00:58
777,Andres Sanders,christinafry@gmail.com,2022-04-20 10:25:16
778,Edward Swanson,gscott@yahoo.com,2021-06-08 14:51:19
779,Heather Hartman,gali@mailbox.org,2023-10-19 05:44:49
780,Andrew Nguyen,heathersanders@hotmail.com,2020-08-13 08:34:49
781,Matthew Finley,johnmyers@ukr.net,2022-01-28 12:07:19
782,Larry Woods,jsaunders@example.com,2023-11-17 05:20:08
783,Jennifer Cooper,xross@outlook.com,2020-05-18 14:57:36
784,Johnathan Harvey,christopher14@hotmail.com,2020-12-12 00:39:21
785,Monica Quinn,whitefrank@gmail.com,2020-09-22 01:21:25
786,Margaret Reyes,mahoneysara@ukr.net,2021-12-03 01:12:45
787,Donald Garrett Jr.,burtonscott@ukr.net,2020-01-05 09:01:30
788,Matthew Santiago,lisajones@gmail.com,2020-06-22 04:16:37
789,Ian Smith,crose@yahoo.com,2022-03-07 09:00:21
790,Anthony Evans,stephanie93@gmail.com,2021-03-22 21:15:56
791,Alexandra Adams,brandonhart@example.com,2020-06-28 14:25:16
792,Larry Noble,sheri26@outlook.com,2020-03-18 23:53:16
793,Heather Stewart,williambanks@ukr.net,2024-04-23 15:28:57
794,Ellen Swanson,williamsjames@hotmail.com,2021-12-17 20:44:14
795,Cole Douglas,yconner@yahoo.com,2021-12-20 21:34:59
796,Benjamin King,jessicalopez@mailbox.org,2021-04-17 03:31:51
797,Crystal Fitzpatrick,erodgers@gmail.com,2023-12-11 10:01:56
798,Leslie Cain,omartinez@mailbox.org,2022-09-29 11:09:46
799,Cynthia Foster,jeffreyolson@mailbox.org,2021-11-04 13:33:28
800,Ricardo Davis,mendozamichael@example.com,2021-04-21 10:33:17
801,Kelly Parker,qmclaughlin@gmail.com,2021-05-01 14:08:48
802,Carlos Warren,derrick50@ukr.net,2024-02-14 22:29:53
803,Christopher Robbins,colemancasey@gmail.com,2023-08-19 10:35:22
804,Christina Thomas,rmendoza@ukr.net,2024-04-09 13:04:45
805,Micheal Montgomery,veronica87@ukr.net,2024-05-01 05:36:00
806,Marcus Johnson,etownsend@mailbox.org,2021-08-16 11:12:07
807,Benjamin Thomas,ann74@example.com,2021-02-09 15:38:28
808,Kimberly Steele,noah90@mailbox.org,2022-05-11 04:02:38
809,Richard George,woodanthony@hotmail.com,2021-10-03 08:38:16
810,William Peters,porterlouis@mailbox.org,2024-05-04 15:07:25
811,Jeffrey Levine,hartjanet@hotmail.com,2023-05-03 14:10:20
812,Kayla Miller MD,bennettjames@example.com,2023-07-22 04:53:26
813,Kenneth Adams,floresjudy@mailbox.org,2022-09-11 11:18:34
814,John Wallace,rolson@ukr.net,2023-08-11 20:31:57
815,Grace Mccann,tylermelendez@outlook.com,2022-12-25 13:55:55
816,Teresa Anderson,sarahaynes@ukr.net,2023-02-25 04:44:39
817,Emily Wilson,joseph08@hotmail.com,2024-01-15 02:25:01
818,Nathan Collins,blackdaniel@ukr.net,2024-05-06 21:24:40
819,Rachel Mccoy,jeffrey81@outlook.com,2024-07-27 10:37:08
820,Joanne Perkins,tylerrogers@example.com,2023-08-18 17:08:45
821,Calvin Bradley,richard46@gmail.com,2024-04-30 09:53:25
822,Jill Hayes,jeremygomez@hotmail.com,2020-11-23 17:13:33
823,Katrina Perez,mwebster@example.com,2023-08-22 00:18:43
824,Jose Moore,alexanderwalker@yahoo.com,2020-12-17 06:12:59
825,Michelle Graham,snorris@gmail.com,2022-04-01 02:05:08
826,Jose Rodriguez,melissarandall@yahoo.com,2022-08-07 18:52:34
827,Brent Webb,rcarr@gmail.com,2024-02-19 07:28:53
828,Diana Henderson,urowe@outlook.com,2021-01-16 07:48:27
829,Pamela Davis,millerkyle@outlook.com,2024-02-26 15:21:14
830,Tamara Sandoval,brittany09@mailbox.org,2023-08-02 22:45:40
831,Jacqueline Nguyen DVM,hcolon@example.com,2020-12-25 15:18:53
832,Jeffrey Johnson,cheryl80@yahoo.com,2021-08-07 02:02:44
833,Lisa Miller,elizabeth79@gmail.com,2020-06-12 01:02:29
834,Denise Moore,watkinskimberly@example.com,2020-01-09 16:30:50
835,Jennifer Morris,mjohnson@yahoo.com,2023-06-02 05:57:58
836,Caleb Mcgee,larsonrobert@yahoo.com,2021-10-25 15:51:53
837,Jordan Bryant,david65@example.com,2020-07-26 02:35:46
838,Jerry Hayes,thomas18@outlook.com,2022-10-08 17:15:17
839,Michael Zimmerman,cgriffin@example.com,2021-09-17 07:24:41
840,Daniel Duncan,andersonmark@yahoo.com,2020-05-02 00:59:59
841,Regina Moore,bethmoore@ukr.net,2022-05-31 02:15:54
842,Sarah Cunningham,lboyd@ukr.net,2024-10-22 04:53:50
843,Christopher Johnson,stonewilliam@gmail.com,2024-09-06 06:15:21
844,William Rodriguez,fuentesamy@gmail.com,2022-11-14 19:28:02
845,Leah Simpson,christophermarshall@example.com,2023-04-21 13:42:52
846,Hannah Delgado,ncortez@outlook.com,2021-09-19 20:12:06
847,Matthew Taylor,hmyers@ukr.net,2020-01-12 16:04:05
848,Matthew Ramirez,hchan@ukr.net,2022-09-07 23:24:37
849,Marcia Smith,brianna16@outlook.com,2020-08-31 22:23:03
850,Felicia Leblanc,tinayoung@outlook.com,2022-11-12 17:14:37
851,Jennifer Anderson,joseph14@example.com,2021-02-17 04:12:44
852,Brian Navarro,ckey@outlook.com,2024-08-12 04:34:33
853,David Martin,josephmoore@hotmail.com,2022-01-04 19:04:31
854,Ethan Sanchez,monica71@outlook.com,2024-05-12 07:41:27
855,William Miller,scollins@example.com,2024-01-06 02:02:00
856,Jeffrey Mason,amartinez@yahoo.com,2020-10-22 21:36:41
857,Charles Green,powellmark@yahoo.com,2022-07-16 08:56:14
858,Stacy Ford,tinawilson@hotmail.com,2021-04-21 06:41:04
859,Linda Robinson,brian58@ukr.net,2023-12-13 04:00:05
860,Kelsey Key,raymondcharlene@hotmail.com,2020-03-17 21:26:15
861,Leslie Gilbert,uwilkinson@yahoo.com,2021-01-25 19:27:53
862,Ronald Cole,vmercer@yahoo.com,2021-08-14 17:54:33
863,Larry Vaughan,rosswilliam@example.com,2023-09-21 04:31:21
864,Eric Kane,paulsoto@gmail.com,2024-10-17 23:46:07
865,Randy Sullivan,nathan71@yahoo.com,2020-10-22 17:19:08
866,Justin Farmer,robertmitchell@hotmail.com,2024-04-29 16:25:12
867,Kelsey Curry,wjacobson@yahoo.com,2022-03-04 14:44:20
868,Patricia Santiago,dlopez@example.com,2020-08-20 06:56:54
869,David Clark,shelleyjordan@ukr.net,2022-12-21 05:03:14
870,Regina Castro,ldunn@ukr.net,2021-10-20 16:27:54
871,Wesley Jones,joshuamorris@yahoo.com,2022-10-09 01:49:49
872,Joseph Richardson,garciacrystal@outlook.com,2020-12-20 22:13:49
873,Tracy Schmidt,jose26@example.com,2021-10-14 18:15:24
874,Lisa Bullock,benjaminevans@example.com,2022-06-18 09:54:23
875,Angela Jones,ggomez@hotmail.com,2024-03-18 02:35:04
876,Michael Robinson,johnayala@example.com,2020-07-27 07:06:52
877,Timothy Mcclain,wlloyd@ukr.net,2020-11-02 01:44:14
878,Danielle Bowers,zbush@outlook.com,2022-06-04 06:59:08
879,Sarah Small,zharris@ukr.net,2021-08-22 18:49:33
880,Mark Mcdonald,zburke@ukr.net,2022-05-11 14:09:59
881,Christine Harris,krich@yahoo.com,2023-08-13 08:28:00
882,Sara Anderson,michele95@example.com,2020-08-22 00:27:43
883,Laurie Brown,bishopkayla@outlook.com,2024-05-03 16:53:08
884,Melissa Ferguson,dknox@outlook.com,2020-08-11 04:22:17
885,Jill Lee,jasonfischer@hotmail.com,2021-01-10 01:16:33
886,Glenn Evans,carol85@yahoo.com,2021-07-22 09:20:15
887,Steven Lloyd,garciathomas@ukr.net,2024-08-06 20:29:23
888,Ellen Hamilton,knguyen@ukr.net,2023-01-03 22:50:18
889,Margaret Garcia,bdavis@example.com,2023-11-14 12:45:10
890,Amy Solis,jenningskristie@example.com,2020-10-29 00:18:01
891,Bradley Chan,riverakimberly@yahoo.com,2021-07-21 17:48:57
892,Bill Dean,allison83@yahoo.com,2022-07-26 04:30:23
893,Dawn Ford,spenceashley@gmail.com,2020-05-07 00:27:57
894,Donna Sutton,rbrown@hotmail.com,2021-03-01 14:35:58
895,Charles Blair,donaldsondonna@outlook.com,2020-07-20 12:30:01
896,Cameron Hansen,moorekeith@gmail.com,2023-04-01 19:55:29
897,Sarah Reynolds,jennifer06@yahoo.com,2020-12-12 18:59:25
898,Andrea Davis,joseph09@outlook.com,2020-10-15 01:56:39
899,Alexis Johnson,sandypeters@ukr.net,2022-09-26 12:17:00
900,Sheila Johnson,mrichardson@ukr.net,2022-08-18 07:35:07
901,Jennifer Gonzalez,ilopez@mailbox.org,2023-05-11 11:00:26
902,Valerie Alvarado,cunninghamdeborah@hotmail.com,2021-12-09 21:37:18
903,Lindsey Gray,jeanettesimon@yahoo.com,2024-05-16 00:31:21
904,Thomas Jackson MD,riveradebra@gmail.com,2022-06-28 19:58:06
905,Ashley Jones,jlewis@ukr.net,2021-12-19 09:19:16
906,James Walls,bankspamela@gmail.com,2022-01-03 06:42:14
907,Stephen Jones,gilljesse@example.com,2020-12-20 21:50:28
908,Aaron Ruiz,justin07@yahoo.com,2023-03-02 16:57:53
909,Katherine English MD,amandamay@ukr.net,2023-07-30 00:31:13
910,Vincent Campbell,amy53@hotmail.com,2020-05-11 18:21:28
911,Krista Andrews,danielskimberly@hotmail.com,2020-08-03 19:26:58
912,Olivia Chen,ashley08@mailbox.org,2022-03-21 13:46:01
913,Jacqueline Campbell,fmoreno@ukr.net,2024-10-03 07:04:46
914,Victoria Adams,steelecorey@hotmail.com,2020-06-12 22:46:21
915,Christopher Thompson,onealariel@mailbox.org,2021-05-05 08:19:58
916,Justin Dodson,monica55@gmail.com,2023-10-26 19:43:53
917,Aaron Arnold,kylepittman@hotmail.com,2023-09-28 18:49:28
918,Kim Vasquez,xlee@hotmail.com,2021-06-05 12:26:39
919,Cody Mills,sonya15@mailbox.org,2020-05-28 06:39:27
920,Michael Rice,sarahsmith@outlook.com,2020-10-24 20:07:52
921,Melissa Lee,ray79@ukr.net,2023-11-17 12:48:49
922,Walter Gray,rnorman@yahoo.com,2020-02-02 07:45:58
923,Allen Hanson,estewart@hotmail.com,2021-06-08 06:27:08
924,Brenda Reed,wendyjackson@outlook.com,2022-08-16 05:46:47
925,Mark Rangel,vmorales@example.com,2022-08-18 23:37:42
926,Samuel Martin,allenpatricia@gmail.com,2022-02-22 01:50:55
927,Penny Richmond,rsanchez@hotmail.com,2020-12-20 05:13:57
928,Francisco Lang,kbean@outlook.com,2022-03-20 22:06:33
929,Janet Leblanc,marcusmoore@mailbox.org,2024-03-15 03:19:37
930,April Scott,moodydarrell@hotmail.com,2023-12-10 11:54:09
931,Michael Thompson,brooksashley@yahoo.com,2024-09-05 15:37:49
932,Angelica Cameron,hammondpenny@ukr.net,2020-02-05 23:22:01
933,William Moreno,nicholas78@example.com,2023-07-14 16:21:33
934,John Johnson,morasharon@yahoo.com,2022-05-24 17:52:56
935,Barbara Obrien,murraynathan@example.com,2024-08-21 06:23:49
936,Nicole Curtis,davidwilson@outlook.com,2022-01-04 01:41:38
937,Deborah Thompson,lisamoreno@ukr.net,2021-06-08 22:21:19
938,Christopher Booth,ljohnson@outlook.com,2024-05-04 15:18:38
939,Alyssa Allen,aliciagrant@gmail.com,2020-07-07 14:04:41
940,Todd Wallace,brianwise@hotmail.com,2024-01-10 23:10:01
941,Richard Crawford,oneilllauren@example.com,2021-01-08 21:18:18
942,Edward Gregory,pvalenzuela@mailbox.org,2024-10-19 17:23:46
943,Preston Hardy,dlee@mailbox.org,2022-02-17 02:18:04
944,Jacob Miller,valenzuelajames@ukr.net,2022-03-16 06:32:36
945,Brendan Brooks,jason54@yahoo.com,2020-04-21 04:42:34
946,Jennifer Schmidt,jamesfernandez@gmail.com,2020-07-02 00:31:47
947,Dave Campbell,gregorywallace@yahoo.com,2021-08-18 13:24:38
948,Michael Reyes,spencerlee@outlook.com,2021-09-18 05:42:33
949,Pamela Watson,henryvelez@ukr.net,2021-09-11 15:02:27
950,Gregory Allen,lewisscott@yahoo.com,2024-02-29 23:20:33
951,William Wilson,ymoore@ukr.net,2023-09-05 08:29:39
952,Susan Davis,brewerdiana@example.com,2022-01-05 12:01:57
953,Angela Harvey,pjones@ukr.net,2023-05-12 15:55:47
954,Cindy Phelps,ohansen@example.com,2020-02-20 03:44:50
955,Nathaniel Petersen,kevin32@example.com,2022-09-17 01:32:43
956,Valerie Gordon,marcia24@outlook.com,2021-06-10 07:01:27
957,Diana Smith,gordonjuan@ukr.net,2020-05-29 15:23:01
958,Brenda Ortega,emiller@gmail.com,2023-02-04 19:56:06
959,Shannon Burnett,rallen@gmail.com,2021-10-27 07:17:51
960,Catherine Gilbert,angelaserrano@example.com,2021-02-03 13:57:57
961,Gregory Taylor,pvaughn@mailbox.org,2020-01-15 01:24:46
962,Nicole Ray,laura57@yahoo.com,2023-05-04 02:43:12
963,Thomas Mccarthy,ocampbell@ukr.net,2023-05-26 15:47:19
964,Dana Robertson,margaret16@gmail.com,2020-05-31 07:10:04
965,Steven Lawrence,riosjanet@example.com,2024-04-11 02:24:33
966,Shelby Palmer,nmoody@yahoo.com,2021-10-10 17:07:57
967,Sarah Daugherty,nicolehoward@gmail.com,2023-03-30 03:21:44
968,Steven Smith,kevinstone@yahoo.com,2022-12-13 13:42:31
969,Bryan Jackson,littleangela@mailbox.org,2020-05-19 11:12:54
970,Tina Mccullough,oeverett@gmail.com,2024-05-16 20:11:19
971,Nancy Gonzalez,maria24@hotmail.com,2021-03-15 02:50:14
972,Daniel Smith,tammywilson@example.com,2020-05-28 15:36:36
973,Valerie Hinton,kingkenneth@yahoo.com,2022-05-11 08:49:41
974,Katie Wilkinson,lee44@ukr.net,2024-01-21 17:31:56
975,Kristina Vega,chelsea40@yahoo.com,2021-09-29 13:06:55
976,Kevin Ryan,lematthew@outlook.com,2023-02-07 10:46:47
977,Jason Taylor,xhammond@yahoo.com,2021-05-30 07:46:37
978,Jeremy Stephenson,philip88@example.com,2023-04-30 01:17:19
979,Jacob Garcia,dryan@hotmail.com,2022-10-27 15:54:30
980,Meghan Wright,jasonpotter@mailbox.org,2022-07-11 06:51:24
981,Kendra Miller,tayloranderson@hotmail.com,2022-07-29 05:50:52
982,Michael Gibbs,tami58@hotmail.com,2020-09-27 23:47:38
983,Chris Weaver,sonyawilkerson@outlook.com,2023-02-27 07:13:26
984,Laura Guzman,hudsonjeremiah@yahoo.com,2021-05-11 00:06:48
985,Joseph Henderson,ann82@yahoo.com,2024-05-27 23:19:30
986,Erin Patel,qharmon@outlook.com,2024-08-03 18:52:53
987,Kristen Simon,michael24@gmail.com,2020-05-05 03:35:03
988,Jennifer Williamson,maldonadoeric@mailbox.org,2021-02-16 01:10:49
989,Kelly Reed,victoria30@hotmail.com,2022-01-29 05:17:46
990,Krystal Flores,pughdana@example.com,2020-10-18 09:48:10
991,Alexander Green,ashleytaylor@outlook.com,2023-11-06 13:33:55
992,Amy Villanueva,amanda62@hotmail.com,2024-06-24 14:13:26
993,Jillian Vega,kenttyler@outlook.com,2022-09-13 11:24:21
994,Danny Carter,dthomas@outlook.com,2024-02-13 06:55:28
995,Kirsten Welch,qcastillo@gmail.com,2020-02-03 08:02:12
996,Ann Green,kelleyrebecca@hotmail.com,2024-03-29 05:01:12
997,Jill Lowe,montesarthur@outlook.com,2020-09-10 21:25:19
998,Raymond Jenkins,joyce63@gmail.com,2023-03-07 19:52:23
999,Amanda Lucero,bthompson@yahoo.com,2022-11-13 03:29:36
1000,Deborah Lucas,susanwatson@outlook.com,2022-12-22 13:56:15
1001,Eric Williams,lvega@ukr.net,2023-01-02 14:32:38
